municipio,uf,ano_mes,compra_venda,incorporacoes,loteamentos
SÃO PAULO,SP,2012-01,9968,0,0
SÃO PAULO,SP,2012-02,11253,0,0
SÃO PAULO,SP,2012-03,13182,0,0
SÃO PAULO,SP,2012-04,11423,0,0
SÃO PAULO,SP,2012-05,13233,0,0
SÃO PAULO,SP,2012-06,13292,0,0
SÃO PAULO,SP,2012-07,14469,0,0
SÃO PAULO,SP,2012-08,13211,0,0
SÃO PAULO,SP,2012-09,13420,0,0
SÃO PAULO,SP,2012-10,14724,0,0
SÃO PAULO,SP,2012-11,12989,0,0
SÃO PAULO,SP,2012-12,12876,0,0
SÃO PAULO,SP,2013-01,14989,0,0
SÃO PAULO,SP,2013-02,11657,0,0
SÃO PAULO,SP,2013-03,12353,0,0
SÃO PAULO,SP,2013-04,13912,0,0
SÃO PAULO,SP,2013-05,13646,0,0
SÃO PAULO,SP,2013-06,12616,0,0
SÃO PAULO,SP,2013-07,13380,0,0
SÃO PAULO,SP,2013-08,13299,0,0
SÃO PAULO,SP,2013-09,12704,0,0
SÃO PAULO,SP,2013-10,13420,0,0
SÃO PAULO,SP,2013-11,11377,0,0
SÃO PAULO,SP,2013-12,12321,0,0
SÃO PAULO,SP,2014-01,12848,0,0
SÃO PAULO,SP,2014-02,10900,0,0
SÃO PAULO,SP,2014-03,9505,0,0
SÃO PAULO,SP,2014-04,10938,0,0
SÃO PAULO,SP,2014-05,11839,0,0
SÃO PAULO,SP,2014-06,10192,0,0
SÃO PAULO,SP,2014-07,12125,0,0
SÃO PAULO,SP,2014-08,11655,0,0
SÃO PAULO,SP,2014-09,11992,0,0
SÃO PAULO,SP,2014-10,12181,0,0
SÃO PAULO,SP,2014-11,10265,0,0
SÃO PAULO,SP,2014-12,11702,0,0
SÃO PAULO,SP,2015-01,11374,0,0
SÃO PAULO,SP,2015-02,8928,0,0
SÃO PAULO,SP,2015-03,11130,0,0
SÃO PAULO,SP,2015-04,13339,0,0
SÃO PAULO,SP,2015-05,11345,0,0
SÃO PAULO,SP,2015-06,9845,0,0
SÃO PAULO,SP,2015-07,9290,0,0
SÃO PAULO,SP,2015-08,9062,0,0
SÃO PAULO,SP,2015-09,8500,0,0
SÃO PAULO,SP,2015-10,8612,0,0
SÃO PAULO,SP,2015-11,7318,0,0
SÃO PAULO,SP,2015-12,8365,0,0
SÃO PAULO,SP,2016-01,7822,0,0
SÃO PAULO,SP,2016-02,6962,0,0
SÃO PAULO,SP,2016-03,8031,0,0
SÃO PAULO,SP,2016-04,8073,0,0
SÃO PAULO,SP,2016-05,8097,0,0
SÃO PAULO,SP,2016-06,8251,0,0
SÃO PAULO,SP,2016-07,7949,0,0
SÃO PAULO,SP,2016-08,8768,0,0
SÃO PAULO,SP,2016-09,8709,0,0
SÃO PAULO,SP,2016-10,7298,0,0
SÃO PAULO,SP,2016-11,7706,0,0
SÃO PAULO,SP,2016-12,9982,0,0
SÃO PAULO,SP,2017-01,8422,0,0
SÃO PAULO,SP,2017-02,6551,0,0
SÃO PAULO,SP,2017-03,8666,0,0
SÃO PAULO,SP,2017-04,7136,0,0
SÃO PAULO,SP,2017-05,9370,0,0
SÃO PAULO,SP,2017-06,9080,0,0
SÃO PAULO,SP,2017-07,9339,0,0
SÃO PAULO,SP,2017-08,10114,0,0
SÃO PAULO,SP,2017-09,8588,0,0
SÃO PAULO,SP,2017-10,8937,0,0
SÃO PAULO,SP,2017-11,7778,0,0
SÃO PAULO,SP,2017-12,9167,0,0
SÃO PAULO,SP,2018-01,8739,0,0
SÃO PAULO,SP,2018-02,6807,0,0
SÃO PAULO,SP,2018-03,9087,0,0
SÃO PAULO,SP,2018-04,9743,0,0
SÃO PAULO,SP,2018-05,9765,0,0
SÃO PAULO,SP,2018-06,10247,0,0
SÃO PAULO,SP,2018-07,9721,0,0
SÃO PAULO,SP,2018-08,10714,0,0
SÃO PAULO,SP,2018-09,9873,0,0
SÃO PAULO,SP,2018-10,10837,0,0
SÃO PAULO,SP,2018-11,8882,0,0
SÃO PAULO,SP,2018-12,9865,0,0
SÃO PAULO,SP,2019-01,10345,0,0
SÃO PAULO,SP,2019-02,8621,0,0
SÃO PAULO,SP,2019-03,9206,0,0
SÃO PAULO,SP,2019-04,10404,0,0
SÃO PAULO,SP,2019-05,11282,0,0
SÃO PAULO,SP,2019-06,10152,0,0
SÃO PAULO,SP,2019-07,10735,0,0
SÃO PAULO,SP,2019-08,12710,0,0
SÃO PAULO,SP,2019-09,10529,0,0
SÃO PAULO,SP,2019-10,12516,0,0
SÃO PAULO,SP,2019-11,10834,0,0
SÃO PAULO,SP,2019-12,10774,0,0
SÃO PAULO,SP,2020-01,12586,0,0
SÃO PAULO,SP,2020-02,9412,0,0
SÃO PAULO,SP,2020-03,10207,0,0
SÃO PAULO,SP,2020-04,8017,0,0
SÃO PAULO,SP,2020-05,6875,0,0
SÃO PAULO,SP,2020-06,10336,0,0
SÃO PAULO,SP,2020-07,10774,0,0
SÃO PAULO,SP,2020-08,12181,0,0
SÃO PAULO,SP,2020-09,13147,0,0
SÃO PAULO,SP,2020-10,14990,0,0
SÃO PAULO,SP,2020-11,14045,0,0
SÃO PAULO,SP,2020-12,14764,0,0
SÃO PAULO,SP,2021-01,14280,0,0
SÃO PAULO,SP,2021-02,13930,0,0
SÃO PAULO,SP,2021-03,15076,0,0
SÃO PAULO,SP,2021-04,14388,0,0
SÃO PAULO,SP,2021-05,16460,0,0
SÃO PAULO,SP,2021-06,17398,0,0
SÃO PAULO,SP,2021-07,17160,0,0
SÃO PAULO,SP,2021-08,17058,0,0
SÃO PAULO,SP,2021-09,16808,0,0
SÃO PAULO,SP,2021-10,16846,0,0
SÃO PAULO,SP,2021-11,15764,0,0
SÃO PAULO,SP,2021-12,17469,0,0
SÃO PAULO,SP,2022-01,15386,0,0
SÃO PAULO,SP,2022-02,13648,0,0
SÃO PAULO,SP,2022-03,14552,0,0
SÃO PAULO,SP,2022-04,12717,0,0
SÃO PAULO,SP,2022-05,15219,0,0
SÃO PAULO,SP,2022-06,15403,0,0
SÃO PAULO,SP,2022-07,15133,0,0
SÃO PAULO,SP,2022-08,16356,0,0
SÃO PAULO,SP,2022-09,15820,0,0
SÃO PAULO,SP,2022-10,16233,0,0
SÃO PAULO,SP,2022-11,14927,0,0
SÃO PAULO,SP,2022-12,16043,0,0
SÃO PAULO,SP,2023-01,15150,0,0
SÃO PAULO,SP,2023-02,12283,0,0
SÃO PAULO,SP,2023-03,15408,0,0
SÃO PAULO,SP,2023-04,14158,0,0
SÃO PAULO,SP,2023-05,17291,0,0
SÃO PAULO,SP,2023-06,15351,0,0
SÃO PAULO,SP,2023-07,17297,0,0
SÃO PAULO,SP,2023-08,17149,0,0
SÃO PAULO,SP,2023-09,14477,0,0
RIO DE JANEIRO,RJ,2012-01,2308,0,0
RIO DE JANEIRO,RJ,2012-02,3190,0,0
RIO DE JANEIRO,RJ,2012-03,4667,0,0
RIO DE JANEIRO,RJ,2012-04,3836,0,0
RIO DE JANEIRO,RJ,2012-05,5476,0,0
RIO DE JANEIRO,RJ,2012-06,4677,0,0
RIO DE JANEIRO,RJ,2012-07,6054,0,0
RIO DE JANEIRO,RJ,2012-08,6610,0,0
RIO DE JANEIRO,RJ,2012-09,5279,0,0
RIO DE JANEIRO,RJ,2012-10,6198,0,0
RIO DE JANEIRO,RJ,2012-11,4825,0,0
RIO DE JANEIRO,RJ,2012-12,4968,0,0
RIO DE JANEIRO,RJ,2013-01,5349,0,0
RIO DE JANEIRO,RJ,2013-02,4023,0,0
RIO DE JANEIRO,RJ,2013-03,4529,0,0
RIO DE JANEIRO,RJ,2013-04,5548,0,0
RIO DE JANEIRO,RJ,2013-05,5239,0,0
RIO DE JANEIRO,RJ,2013-06,5199,0,0
RIO DE JANEIRO,RJ,2013-07,5223,0,0
RIO DE JANEIRO,RJ,2013-08,5788,0,0
RIO DE JANEIRO,RJ,2013-09,5515,0,0
RIO DE JANEIRO,RJ,2013-10,6039,0,0
RIO DE JANEIRO,RJ,2013-11,4804,0,0
RIO DE JANEIRO,RJ,2013-12,4817,0,0
RIO DE JANEIRO,RJ,2014-01,5219,0,0
RIO DE JANEIRO,RJ,2014-02,4638,0,0
RIO DE JANEIRO,RJ,2014-03,3944,0,0
RIO DE JANEIRO,RJ,2014-04,3671,0,0
RIO DE JANEIRO,RJ,2014-05,4650,0,0
RIO DE JANEIRO,RJ,2014-06,3700,0,0
RIO DE JANEIRO,RJ,2014-07,4802,0,0
RIO DE JANEIRO,RJ,2014-08,4644,0,0
RIO DE JANEIRO,RJ,2014-09,5025,0,0
RIO DE JANEIRO,RJ,2014-10,5063,0,0
RIO DE JANEIRO,RJ,2014-11,4165,0,0
RIO DE JANEIRO,RJ,2014-12,4419,0,0
RIO DE JANEIRO,RJ,2015-01,4464,0,0
RIO DE JANEIRO,RJ,2015-02,3783,0,0
RIO DE JANEIRO,RJ,2015-03,5258,0,0
RIO DE JANEIRO,RJ,2015-04,3902,0,0
RIO DE JANEIRO,RJ,2015-05,4201,0,0
RIO DE JANEIRO,RJ,2015-06,4153,0,0
RIO DE JANEIRO,RJ,2015-07,4667,0,0
RIO DE JANEIRO,RJ,2015-08,4266,0,0
RIO DE JANEIRO,RJ,2015-09,4014,0,0
RIO DE JANEIRO,RJ,2015-10,3962,0,0
RIO DE JANEIRO,RJ,2015-11,3613,0,0
RIO DE JANEIRO,RJ,2015-12,4392,0,0
RIO DE JANEIRO,RJ,2016-01,3823,0,0
RIO DE JANEIRO,RJ,2016-02,3023,0,0
RIO DE JANEIRO,RJ,2016-03,3817,0,0
RIO DE JANEIRO,RJ,2016-04,3610,0,0
RIO DE JANEIRO,RJ,2016-05,4044,0,0
RIO DE JANEIRO,RJ,2016-06,3824,0,0
RIO DE JANEIRO,RJ,2016-07,4423,0,0
RIO DE JANEIRO,RJ,2016-08,3841,0,0
RIO DE JANEIRO,RJ,2016-09,4204,0,0
RIO DE JANEIRO,RJ,2016-10,3030,0,0
RIO DE JANEIRO,RJ,2016-11,3405,0,0
RIO DE JANEIRO,RJ,2016-12,4291,0,0
RIO DE JANEIRO,RJ,2017-01,4376,0,0
RIO DE JANEIRO,RJ,2017-02,3389,0,0
RIO DE JANEIRO,RJ,2017-03,4090,0,0
RIO DE JANEIRO,RJ,2017-04,2943,0,0
RIO DE JANEIRO,RJ,2017-05,4300,0,0
RIO DE JANEIRO,RJ,2017-06,4600,0,0
RIO DE JANEIRO,RJ,2017-07,4222,0,0
RIO DE JANEIRO,RJ,2017-08,5314,0,0
RIO DE JANEIRO,RJ,2017-09,3831,0,0
RIO DE JANEIRO,RJ,2017-10,3635,0,0
RIO DE JANEIRO,RJ,2017-11,3931,0,0
RIO DE JANEIRO,RJ,2017-12,4233,0,0
RIO DE JANEIRO,RJ,2018-01,4499,0,0
RIO DE JANEIRO,RJ,2018-02,3614,0,0
RIO DE JANEIRO,RJ,2018-03,3820,0,0
RIO DE JANEIRO,RJ,2018-04,3698,0,0
RIO DE JANEIRO,RJ,2018-05,4230,0,0
RIO DE JANEIRO,RJ,2018-06,3912,0,0
RIO DE JANEIRO,RJ,2018-07,4600,0,0
RIO DE JANEIRO,RJ,2018-08,5177,0,0
RIO DE JANEIRO,RJ,2018-09,3943,0,0
RIO DE JANEIRO,RJ,2018-10,4199,0,0
RIO DE JANEIRO,RJ,2018-11,4247,0,0
RIO DE JANEIRO,RJ,2018-12,4164,0,0
RIO DE JANEIRO,RJ,2019-01,4357,0,0
RIO DE JANEIRO,RJ,2019-02,3512,0,0
RIO DE JANEIRO,RJ,2019-03,3133,0,0
RIO DE JANEIRO,RJ,2019-04,4263,0,0
RIO DE JANEIRO,RJ,2019-05,4091,0,0
RIO DE JANEIRO,RJ,2019-06,3014,0,0
RIO DE JANEIRO,RJ,2019-07,4318,0,0
RIO DE JANEIRO,RJ,2019-08,4394,0,0
RIO DE JANEIRO,RJ,2019-09,3525,0,0
RIO DE JANEIRO,RJ,2019-10,4819,0,0
RIO DE JANEIRO,RJ,2019-11,4167,0,0
RIO DE JANEIRO,RJ,2019-12,5026,0,0
RIO DE JANEIRO,RJ,2020-01,3698,0,0
RIO DE JANEIRO,RJ,2020-02,2896,0,0
RIO DE JANEIRO,RJ,2020-03,3855,0,0
RIO DE JANEIRO,RJ,2020-04,2589,0,0
RIO DE JANEIRO,RJ,2020-05,3219,0,0
RIO DE JANEIRO,RJ,2020-06,3013,0,0
RIO DE JANEIRO,RJ,2020-07,3819,0,0
RIO DE JANEIRO,RJ,2020-08,3965,0,0
RIO DE JANEIRO,RJ,2020-09,4296,0,0
RIO DE JANEIRO,RJ,2020-10,4420,0,0
RIO DE JANEIRO,RJ,2020-11,4223,0,0
RIO DE JANEIRO,RJ,2020-12,4526,0,0
RIO DE JANEIRO,RJ,2021-01,4149,0,0
RIO DE JANEIRO,RJ,2021-02,3361,0,0
RIO DE JANEIRO,RJ,2021-03,4852,0,0
RIO DE JANEIRO,RJ,2021-04,4796,0,0
RIO DE JANEIRO,RJ,2021-05,4943,0,0
RIO DE JANEIRO,RJ,2021-06,4747,0,0
RIO DE JANEIRO,RJ,2021-07,5174,0,0
RIO DE JANEIRO,RJ,2021-08,5411,0,0
RIO DE JANEIRO,RJ,2021-09,5062,0,0
RIO DE JANEIRO,RJ,2021-10,5038,0,0
RIO DE JANEIRO,RJ,2021-11,4732,0,0
RIO DE JANEIRO,RJ,2021-12,5430,0,0
RIO DE JANEIRO,RJ,2022-01,3916,0,0
RIO DE JANEIRO,RJ,2022-02,4130,0,0
RIO DE JANEIRO,RJ,2022-03,4071,0,0
RIO DE JANEIRO,RJ,2022-04,3405,0,0
RIO DE JANEIRO,RJ,2022-05,4981,0,0
RIO DE JANEIRO,RJ,2022-06,4347,0,0
RIO DE JANEIRO,RJ,2022-07,4506,0,0
RIO DE JANEIRO,RJ,2022-08,4131,0,0
RIO DE JANEIRO,RJ,2022-09,3991,0,0
RIO DE JANEIRO,RJ,2022-10,4589,0,0
RIO DE JANEIRO,RJ,2022-11,4113,0,0
RIO DE JANEIRO,RJ,2022-12,5035,0,0
RIO DE JANEIRO,RJ,2023-01,4149,0,0
RIO DE JANEIRO,RJ,2023-02,3347,0,0
RIO DE JANEIRO,RJ,2023-03,4886,0,0
RIO DE JANEIRO,RJ,2023-04,3967,0,0
RIO DE JANEIRO,RJ,2023-05,4976,0,0
RIO DE JANEIRO,RJ,2023-06,4703,0,0
RIO DE JANEIRO,RJ,2023-07,4276,0,0
RIO DE JANEIRO,RJ,2023-08,5188,0,0
RIO DE JANEIRO,RJ,2023-09,4393,0,0
CURITIBA,PR,2012-01,1862,0,0
CURITIBA,PR,2012-02,2091,0,0
CURITIBA,PR,2012-03,2763,0,0
CURITIBA,PR,2012-04,2570,0,0
CURITIBA,PR,2012-05,2706,0,0
CURITIBA,PR,2012-06,2909,0,0
CURITIBA,PR,2012-07,2623,0,0
CURITIBA,PR,2012-08,3319,0,0
CURITIBA,PR,2012-09,2614,0,0
CURITIBA,PR,2012-10,2993,0,0
CURITIBA,PR,2012-11,2608,0,0
CURITIBA,PR,2012-12,2549,0,0
CURITIBA,PR,2013-01,3782,0,0
CURITIBA,PR,2013-02,2651,0,0
CURITIBA,PR,2013-03,2649,0,0
CURITIBA,PR,2013-04,3313,0,0
CURITIBA,PR,2013-05,3021,0,0
CURITIBA,PR,2013-06,3308,0,0
CURITIBA,PR,2013-07,3775,0,0
CURITIBA,PR,2013-08,3365,0,0
CURITIBA,PR,2013-09,3495,0,0
CURITIBA,PR,2013-10,3662,0,0
CURITIBA,PR,2013-11,3464,0,0
CURITIBA,PR,2013-12,3519,0,0
CURITIBA,PR,2014-01,3242,0,0
CURITIBA,PR,2014-02,2685,0,0
CURITIBA,PR,2014-03,2768,0,0
CURITIBA,PR,2014-04,3154,0,0
CURITIBA,PR,2014-05,3028,0,0
CURITIBA,PR,2014-06,2990,0,0
CURITIBA,PR,2014-07,3305,0,0
CURITIBA,PR,2014-08,2751,0,0
CURITIBA,PR,2014-09,2966,0,0
CURITIBA,PR,2014-10,3217,0,0
CURITIBA,PR,2014-11,2603,0,0
CURITIBA,PR,2014-12,3016,0,0
CURITIBA,PR,2015-01,3570,0,0
CURITIBA,PR,2015-02,2599,0,0
CURITIBA,PR,2015-03,3196,0,0
CURITIBA,PR,2015-04,2474,0,0
CURITIBA,PR,2015-05,2597,0,0
CURITIBA,PR,2015-06,3111,0,0
CURITIBA,PR,2015-07,2897,0,0
CURITIBA,PR,2015-08,2743,0,0
CURITIBA,PR,2015-09,2577,0,0
CURITIBA,PR,2015-10,2543,0,0
CURITIBA,PR,2015-11,1895,0,0
CURITIBA,PR,2015-12,2509,0,0
CURITIBA,PR,2016-01,2166,0,0
CURITIBA,PR,2016-02,2030,0,0
CURITIBA,PR,2016-03,2452,0,0
CURITIBA,PR,2016-04,2522,0,0
CURITIBA,PR,2016-05,2292,0,0
CURITIBA,PR,2016-06,2456,0,0
CURITIBA,PR,2016-07,2248,0,0
CURITIBA,PR,2016-08,2706,0,0
CURITIBA,PR,2016-09,1922,0,0
CURITIBA,PR,2016-10,1936,0,0
CURITIBA,PR,2016-11,1933,0,0
CURITIBA,PR,2016-12,2175,0,0
CURITIBA,PR,2017-01,1863,0,0
CURITIBA,PR,2017-02,1441,0,0
CURITIBA,PR,2017-03,1963,0,0
CURITIBA,PR,2017-04,1784,0,0
CURITIBA,PR,2017-05,1871,0,0
CURITIBA,PR,2017-06,2301,0,0
CURITIBA,PR,2017-07,1835,0,0
CURITIBA,PR,2017-08,2154,0,0
CURITIBA,PR,2017-09,1819,0,0
CURITIBA,PR,2017-10,2067,0,0
CURITIBA,PR,2017-11,1758,0,0
CURITIBA,PR,2017-12,1906,0,0
CURITIBA,PR,2018-01,2077,0,0
CURITIBA,PR,2018-02,1726,0,0
CURITIBA,PR,2018-03,1989,0,0
CURITIBA,PR,2018-04,1911,0,0
CURITIBA,PR,2018-05,2208,0,0
CURITIBA,PR,2018-06,2157,0,0
CURITIBA,PR,2018-07,2293,0,0
CURITIBA,PR,2018-08,2389,0,0
CURITIBA,PR,2018-09,2379,0,0
CURITIBA,PR,2018-10,2651,0,0
CURITIBA,PR,2018-11,2360,0,0
CURITIBA,PR,2018-12,2345,0,0
CURITIBA,PR,2019-01,2600,0,0
CURITIBA,PR,2019-02,1949,0,0
CURITIBA,PR,2019-03,2060,0,0
CURITIBA,PR,2019-04,2084,0,0
CURITIBA,PR,2019-05,2632,0,0
CURITIBA,PR,2019-06,2318,0,0
CURITIBA,PR,2019-07,2237,0,0
CURITIBA,PR,2019-08,2450,0,0
CURITIBA,PR,2019-09,2151,0,0
CURITIBA,PR,2019-10,2517,0,0
CURITIBA,PR,2019-11,2400,0,0
CURITIBA,PR,2019-12,2425,0,0
CURITIBA,PR,2020-01,2626,0,0
CURITIBA,PR,2020-02,1703,0,0
CURITIBA,PR,2020-03,2312,0,0
CURITIBA,PR,2020-04,1695,0,0
CURITIBA,PR,2020-05,1734,0,0
CURITIBA,PR,2020-06,2240,0,0
CURITIBA,PR,2020-07,2208,0,0
CURITIBA,PR,2020-08,2218,0,0
CURITIBA,PR,2020-09,2681,0,0
CURITIBA,PR,2020-10,3026,0,0
CURITIBA,PR,2020-11,2360,0,0
CURITIBA,PR,2020-12,2577,0,0
CURITIBA,PR,2021-01,3071,0,0
CURITIBA,PR,2021-02,2869,0,0
CURITIBA,PR,2021-03,3027,0,0
CURITIBA,PR,2021-04,3260,0,0
CURITIBA,PR,2021-05,3232,0,0
CURITIBA,PR,2021-06,3520,0,0
CURITIBA,PR,2021-07,3486,0,0
CURITIBA,PR,2021-08,3555,0,0
CURITIBA,PR,2021-09,3321,0,0
CURITIBA,PR,2021-10,3566,0,0
CURITIBA,PR,2021-11,3005,0,0
CURITIBA,PR,2021-12,3354,0,0
CURITIBA,PR,2022-01,2758,0,0
CURITIBA,PR,2022-02,2528,0,0
CURITIBA,PR,2022-03,2891,0,0
CURITIBA,PR,2022-04,2636,0,0
CURITIBA,PR,2022-05,3140,0,0
CURITIBA,PR,2022-06,2730,0,0
CURITIBA,PR,2022-07,2900,0,0
CURITIBA,PR,2022-08,3063,0,0
CURITIBA,PR,2022-09,2721,0,0
CURITIBA,PR,2022-10,2669,0,0
CURITIBA,PR,2022-11,2669,0,0
CURITIBA,PR,2022-12,2744,0,0
CURITIBA,PR,2023-01,2828,0,0
CURITIBA,PR,2023-02,2287,0,0
CURITIBA,PR,2023-03,2870,0,0
CURITIBA,PR,2023-04,2773,0,0
CURITIBA,PR,2023-05,3189,0,0
CURITIBA,PR,2023-06,3222,0,0
CURITIBA,PR,2023-07,2965,0,0
CURITIBA,PR,2023-08,3119,0,0
CURITIBA,PR,2023-09,2815,0,0
FLORIANÓPOLIS,SC,2012-01,982,0,0
FLORIANÓPOLIS,SC,2012-02,1213,0,0
FLORIANÓPOLIS,SC,2012-03,1214,0,0
FLORIANÓPOLIS,SC,2012-04,1097,0,0
FLORIANÓPOLIS,SC,2012-05,1041,0,0
FLORIANÓPOLIS,SC,2012-06,1144,0,0
FLORIANÓPOLIS,SC,2012-07,1084,0,0
FLORIANÓPOLIS,SC,2012-08,1406,0,0
FLORIANÓPOLIS,SC,2012-09,1254,0,0
FLORIANÓPOLIS,SC,2012-10,1519,0,0
FLORIANÓPOLIS,SC,2012-11,1378,0,0
FLORIANÓPOLIS,SC,2012-12,1169,0,0
FLORIANÓPOLIS,SC,2013-01,1172,0,0
FLORIANÓPOLIS,SC,2013-02,1166,0,0
FLORIANÓPOLIS,SC,2013-03,1098,0,0
FLORIANÓPOLIS,SC,2013-04,1279,0,0
FLORIANÓPOLIS,SC,2013-05,1522,0,0
FLORIANÓPOLIS,SC,2013-06,1219,0,0
FLORIANÓPOLIS,SC,2013-07,1473,0,0
FLORIANÓPOLIS,SC,2013-08,1392,0,0
FLORIANÓPOLIS,SC,2013-09,1008,0,0
FLORIANÓPOLIS,SC,2013-10,1317,0,0
FLORIANÓPOLIS,SC,2013-11,1048,0,0
FLORIANÓPOLIS,SC,2013-12,1047,0,0
FLORIANÓPOLIS,SC,2014-01,1412,0,0
FLORIANÓPOLIS,SC,2014-02,1341,0,0
FLORIANÓPOLIS,SC,2014-03,1248,0,0
FLORIANÓPOLIS,SC,2014-04,1230,0,0
FLORIANÓPOLIS,SC,2014-05,1545,0,0
FLORIANÓPOLIS,SC,2014-06,1296,0,0
FLORIANÓPOLIS,SC,2014-07,1708,0,0
FLORIANÓPOLIS,SC,2014-08,1281,0,0
FLORIANÓPOLIS,SC,2014-09,1382,0,0
FLORIANÓPOLIS,SC,2014-10,1299,0,0
FLORIANÓPOLIS,SC,2014-11,1142,0,0
FLORIANÓPOLIS,SC,2014-12,1427,0,0
FLORIANÓPOLIS,SC,2015-01,1312,0,0
FLORIANÓPOLIS,SC,2015-02,1015,0,0
FLORIANÓPOLIS,SC,2015-03,1104,0,0
FLORIANÓPOLIS,SC,2015-04,1095,0,0
FLORIANÓPOLIS,SC,2015-05,1099,0,0
FLORIANÓPOLIS,SC,2015-06,948,0,0
FLORIANÓPOLIS,SC,2015-07,1404,0,0
FLORIANÓPOLIS,SC,2015-08,1013,0,0
FLORIANÓPOLIS,SC,2015-09,944,0,0
FLORIANÓPOLIS,SC,2015-10,1162,0,0
FLORIANÓPOLIS,SC,2015-11,914,0,0
FLORIANÓPOLIS,SC,2015-12,954,0,0
FLORIANÓPOLIS,SC,2016-01,1166,0,0
FLORIANÓPOLIS,SC,2016-02,863,0,0
FLORIANÓPOLIS,SC,2016-03,943,0,0
FLORIANÓPOLIS,SC,2016-04,963,0,0
FLORIANÓPOLIS,SC,2016-05,991,0,0
FLORIANÓPOLIS,SC,2016-06,1090,0,0
FLORIANÓPOLIS,SC,2016-07,999,0,0
FLORIANÓPOLIS,SC,2016-08,1052,0,0
FLORIANÓPOLIS,SC,2016-09,916,0,0
FLORIANÓPOLIS,SC,2016-10,775,0,0
FLORIANÓPOLIS,SC,2016-11,966,0,0
FLORIANÓPOLIS,SC,2016-12,963,0,0
FLORIANÓPOLIS,SC,2017-01,826,0,0
FLORIANÓPOLIS,SC,2017-02,569,0,0
FLORIANÓPOLIS,SC,2017-03,898,0,0
FLORIANÓPOLIS,SC,2017-04,680,0,0
FLORIANÓPOLIS,SC,2017-05,1132,0,0
FLORIANÓPOLIS,SC,2017-06,787,0,0
FLORIANÓPOLIS,SC,2017-07,1048,0,0
FLORIANÓPOLIS,SC,2017-08,1229,0,0
FLORIANÓPOLIS,SC,2017-09,1110,0,0
FLORIANÓPOLIS,SC,2017-10,1044,0,0
FLORIANÓPOLIS,SC,2017-11,948,0,0
FLORIANÓPOLIS,SC,2017-12,797,0,0
FLORIANÓPOLIS,SC,2018-01,1196,0,0
FLORIANÓPOLIS,SC,2018-02,721,0,0
FLORIANÓPOLIS,SC,2018-03,930,0,0
FLORIANÓPOLIS,SC,2018-04,1114,0,0
FLORIANÓPOLIS,SC,2018-05,982,0,0
FLORIANÓPOLIS,SC,2018-06,1078,0,0
FLORIANÓPOLIS,SC,2018-07,1200,0,0
FLORIANÓPOLIS,SC,2018-08,1071,0,0
FLORIANÓPOLIS,SC,2018-09,1125,0,0
FLORIANÓPOLIS,SC,2018-10,1218,0,0
FLORIANÓPOLIS,SC,2018-11,846,0,0
FLORIANÓPOLIS,SC,2018-12,963,0,0
FLORIANÓPOLIS,SC,2019-01,1278,0,0
FLORIANÓPOLIS,SC,2019-02,1017,0,0
FLORIANÓPOLIS,SC,2019-03,934,0,0
FLORIANÓPOLIS,SC,2019-04,1012,0,0
FLORIANÓPOLIS,SC,2019-05,1158,0,0
FLORIANÓPOLIS,SC,2019-06,935,0,0
FLORIANÓPOLIS,SC,2019-07,626,0,0
FLORIANÓPOLIS,SC,2019-08,1198,0,0
FLORIANÓPOLIS,SC,2019-09,1112,0,0
FLORIANÓPOLIS,SC,2019-10,1361,0,0
FLORIANÓPOLIS,SC,2019-11,1104,0,0
FLORIANÓPOLIS,SC,2019-12,1145,0,0
FLORIANÓPOLIS,SC,2020-01,1308,0,0
FLORIANÓPOLIS,SC,2020-02,723,0,0
FLORIANÓPOLIS,SC,2020-03,737,0,0
FLORIANÓPOLIS,SC,2020-04,440,0,0
FLORIANÓPOLIS,SC,2020-05,801,0,0
FLORIANÓPOLIS,SC,2020-06,778,0,0
FLORIANÓPOLIS,SC,2020-07,1155,0,0
FLORIANÓPOLIS,SC,2020-08,1160,0,0
FLORIANÓPOLIS,SC,2020-09,1169,0,0
FLORIANÓPOLIS,SC,2020-10,1505,0,0
FLORIANÓPOLIS,SC,2020-11,1047,0,0
FLORIANÓPOLIS,SC,2020-12,1374,0,0
FLORIANÓPOLIS,SC,2021-01,1819,0,0
FLORIANÓPOLIS,SC,2021-02,1564,0,0
FLORIANÓPOLIS,SC,2021-03,1483,0,0
FLORIANÓPOLIS,SC,2021-04,1371,0,0
FLORIANÓPOLIS,SC,2021-05,1352,0,0
FLORIANÓPOLIS,SC,2021-06,1572,0,0
FLORIANÓPOLIS,SC,2021-07,1770,0,0
FLORIANÓPOLIS,SC,2021-08,1732,0,0
FLORIANÓPOLIS,SC,2021-09,1766,0,0
FLORIANÓPOLIS,SC,2021-10,1522,0,0
FLORIANÓPOLIS,SC,2021-11,1352,0,0
FLORIANÓPOLIS,SC,2021-12,1460,0,0
FLORIANÓPOLIS,SC,2022-01,1424,0,0
FLORIANÓPOLIS,SC,2022-02,1373,0,0
FLORIANÓPOLIS,SC,2022-03,1490,0,0
FLORIANÓPOLIS,SC,2022-04,1277,0,0
FLORIANÓPOLIS,SC,2022-05,1628,0,0
FLORIANÓPOLIS,SC,2022-06,1362,0,0
FLORIANÓPOLIS,SC,2022-07,1265,0,0
FLORIANÓPOLIS,SC,2022-08,1658,0,0
FLORIANÓPOLIS,SC,2022-09,1396,0,0
FLORIANÓPOLIS,SC,2022-10,1026,0,0
FLORIANÓPOLIS,SC,2022-11,1072,0,0
FLORIANÓPOLIS,SC,2022-12,1220,0,0
FLORIANÓPOLIS,SC,2023-01,1054,0,0
FLORIANÓPOLIS,SC,2023-02,992,0,0
FLORIANÓPOLIS,SC,2023-03,1392,0,0
FLORIANÓPOLIS,SC,2023-04,1108,0,0
FLORIANÓPOLIS,SC,2023-05,1636,0,0
FLORIANÓPOLIS,SC,2023-06,1392,0,0
FLORIANÓPOLIS,SC,2023-07,1301,0,0
FLORIANÓPOLIS,SC,2023-08,1526,0,0
FLORIANÓPOLIS,SC,2023-09,1240,0,0
RECIFE,PE,2018-01,502,0,0
RECIFE,PE,2018-02,755,0,0
RECIFE,PE,2018-03,544,0,0
RECIFE,PE,2018-04,700,0,0
RECIFE,PE,2018-05,783,0,0
RECIFE,PE,2018-06,636,0,0
RECIFE,PE,2018-07,641,0,0
RECIFE,PE,2018-08,847,0,0
RECIFE,PE,2018-09,753,0,0
RECIFE,PE,2018-10,754,0,0
RECIFE,PE,2018-11,692,0,0
RECIFE,PE,2018-12,715,0,0
RECIFE,PE,2019-01,818,0,0
RECIFE,PE,2019-02,747,0,0
RECIFE,PE,2019-03,594,0,0
RECIFE,PE,2019-04,673,0,0
RECIFE,PE,2019-05,693,0,0
RECIFE,PE,2019-06,623,0,0
RECIFE,PE,2019-07,901,0,0
RECIFE,PE,2019-08,941,0,0
RECIFE,PE,2019-09,869,0,0
RECIFE,PE,2019-10,803,0,0
RECIFE,PE,2019-11,754,0,0
RECIFE,PE,2019-12,810,0,0
RECIFE,PE,2020-01,1092,0,0
RECIFE,PE,2020-02,694,0,0
RECIFE,PE,2020-03,671,0,0
RECIFE,PE,2020-04,536,0,0
RECIFE,PE,2020-05,422,0,0
RECIFE,PE,2020-06,470,0,0
RECIFE,PE,2020-07,615,0,0
RECIFE,PE,2020-08,715,0,0
RECIFE,PE,2020-09,827,0,0
RECIFE,PE,2020-10,776,0,0
RECIFE,PE,2020-11,954,0,0
RECIFE,PE,2020-12,695,0,0
RECIFE,PE,2021-01,888,0,0
RECIFE,PE,2021-02,667,0,0
RECIFE,PE,2021-03,771,0,0
RECIFE,PE,2021-04,786,0,0
RECIFE,PE,2021-05,831,0,0
RECIFE,PE,2021-06,1058,0,0
RECIFE,PE,2021-07,895,0,0
RECIFE,PE,2021-08,727,0,0
RECIFE,PE,2021-09,724,0,0
RECIFE,PE,2021-10,781,0,0
RECIFE,PE,2021-11,753,0,0
RECIFE,PE,2021-12,632,0,0
RECIFE,PE,2022-01,687,0,0
RECIFE,PE,2022-02,583,0,0
RECIFE,PE,2022-03,637,0,0
RECIFE,PE,2022-04,508,0,0
RECIFE,PE,2022-05,730,0,0
RECIFE,PE,2022-06,745,0,0
RECIFE,PE,2022-07,690,0,0
RECIFE,PE,2022-08,1141,0,0
RECIFE,PE,2022-09,837,0,0
RECIFE,PE,2022-10,814,0,0
RECIFE,PE,2022-11,837,0,0
RECIFE,PE,2022-12,921,0,0
RECIFE,PE,2023-01,940,0,0
RECIFE,PE,2023-02,695,0,0
RECIFE,PE,2023-03,1070,0,0
RECIFE,PE,2023-04,865,0,0
RECIFE,PE,2023-05,899,0,0
RECIFE,PE,2023-06,982,0,0
RECIFE,PE,2023-07,796,0,0
RECIFE,PE,2023-08,1008,0,0
RECIFE,PE,2023-09,803,0,0
FORTALEZA,CE,2019-01,747,0,0
FORTALEZA,CE,2019-02,655,0,0
FORTALEZA,CE,2019-03,737,0,0
FORTALEZA,CE,2019-04,814,0,0
FORTALEZA,CE,2019-05,754,0,0
FORTALEZA,CE,2019-06,687,0,0
FORTALEZA,CE,2019-07,651,0,0
FORTALEZA,CE,2019-08,949,0,0
FORTALEZA,CE,2019-09,691,0,0
FORTALEZA,CE,2019-10,919,0,0
FORTALEZA,CE,2019-11,752,0,0
FORTALEZA,CE,2019-12,885,0,0
FORTALEZA,CE,2020-01,734,0,0
FORTALEZA,CE,2020-02,536,0,0
FORTALEZA,CE,2020-03,485,0,0
FORTALEZA,CE,2020-04,336,0,0
FORTALEZA,CE,2020-05,234,0,0
FORTALEZA,CE,2020-06,424,0,0
FORTALEZA,CE,2020-07,718,0,0
FORTALEZA,CE,2020-08,785,0,0
FORTALEZA,CE,2020-09,953,0,0
FORTALEZA,CE,2020-10,815,0,0
FORTALEZA,CE,2020-11,975,0,0
FORTALEZA,CE,2020-12,838,0,0
FORTALEZA,CE,2021-01,2652,0,0
FORTALEZA,CE,2021-02,1151,0,0
FORTALEZA,CE,2021-03,894,0,0
FORTALEZA,CE,2021-04,672,0,0
FORTALEZA,CE,2021-05,1724,0,0
FORTALEZA,CE,2021-06,1408,0,0
FORTALEZA,CE,2021-07,1583,0,0
FORTALEZA,CE,2021-08,1193,0,0
FORTALEZA,CE,2021-09,1291,0,0
FORTALEZA,CE,2021-10,2462,0,0
FORTALEZA,CE,2021-11,1310,0,0
FORTALEZA,CE,2021-12,2083,0,0
FORTALEZA,CE,2022-01,1380,0,0
FORTALEZA,CE,2022-02,889,0,0
FORTALEZA,CE,2022-03,1162,0,0
FORTALEZA,CE,2022-04,708,0,0
FORTALEZA,CE,2022-05,1062,0,0
FORTALEZA,CE,2022-06,986,0,0
FORTALEZA,CE,2022-07,1008,0,0
FORTALEZA,CE,2022-08,1027,0,0
FORTALEZA,CE,2022-09,943,0,0
FORTALEZA,CE,2022-10,946,0,0
FORTALEZA,CE,2022-11,956,0,0
FORTALEZA,CE,2022-12,1020,0,0
FORTALEZA,CE,2023-01,919,0,0
FORTALEZA,CE,2023-02,853,0,0
FORTALEZA,CE,2023-03,907,0,0
FORTALEZA,CE,2023-04,948,0,0
FORTALEZA,CE,2023-05,1034,0,0
FORTALEZA,CE,2023-06,847,0,0
FORTALEZA,CE,2023-07,1166,0,0
FORTALEZA,CE,2023-08,1014,0,0
FORTALEZA,CE,2023-09,1253,0,0
CAMPO GRANDE,MS,2018-01,1702,0,0
CAMPO GRANDE,MS,2018-02,1619,0,0
CAMPO GRANDE,MS,2018-03,1653,0,0
CAMPO GRANDE,MS,2018-04,1724,0,0
CAMPO GRANDE,MS,2018-05,1831,0,0
CAMPO GRANDE,MS,2018-06,1658,0,0
CAMPO GRANDE,MS,2018-07,1714,0,0
CAMPO GRANDE,MS,2018-08,1757,0,0
CAMPO GRANDE,MS,2018-09,1637,0,0
CAMPO GRANDE,MS,2018-10,1665,0,0
CAMPO GRANDE,MS,2018-11,1657,0,0
CAMPO GRANDE,MS,2018-12,1665,0,0
CAMPO GRANDE,MS,2019-01,1754,0,0
CAMPO GRANDE,MS,2019-02,1853,0,0
CAMPO GRANDE,MS,2019-03,2050,0,0
CAMPO GRANDE,MS,2019-04,1947,0,0
CAMPO GRANDE,MS,2019-05,1609,0,0
CAMPO GRANDE,MS,2019-06,1151,0,0
CAMPO GRANDE,MS,2019-07,1992,0,0
CAMPO GRANDE,MS,2019-08,1352,0,0
CAMPO GRANDE,MS,2019-09,1504,0,0
CAMPO GRANDE,MS,2019-10,1533,0,0
CAMPO GRANDE,MS,2019-11,1692,0,0
CAMPO GRANDE,MS,2019-12,1847,0,0
CAMPO GRANDE,MS,2020-01,2085,0,0
CAMPO GRANDE,MS,2020-02,1428,0,0
CAMPO GRANDE,MS,2020-03,1534,0,0
CAMPO GRANDE,MS,2020-04,1917,0,0
CAMPO GRANDE,MS,2020-05,1350,0,0
CAMPO GRANDE,MS,2020-06,1772,0,0
CAMPO GRANDE,MS,2020-07,2457,0,0
CAMPO GRANDE,MS,2020-08,2069,0,0
CAMPO GRANDE,MS,2020-09,2126,0,0
CAMPO GRANDE,MS,2020-10,2118,0,0
CAMPO GRANDE,MS,2020-11,2155,0,0
CAMPO GRANDE,MS,2020-12,2421,0,0
CAMPO GRANDE,MS,2021-01,1827,0,0
CAMPO GRANDE,MS,2021-02,1787,0,0
CAMPO GRANDE,MS,2021-03,2304,0,0
CAMPO GRANDE,MS,2021-04,2032,0,0
CAMPO GRANDE,MS,2021-05,2378,0,0
CAMPO GRANDE,MS,2021-06,2114,0,0
CAMPO GRANDE,MS,2021-07,1834,0,0
CAMPO GRANDE,MS,2021-08,1817,0,0
CAMPO GRANDE,MS,2021-09,1666,0,0
CAMPO GRANDE,MS,2021-10,1622,0,0
CAMPO GRANDE,MS,2021-11,1848,0,0
CAMPO GRANDE,MS,2021-12,1899,0,0
CAMPO GRANDE,MS,2022-01,1444,0,0
CAMPO GRANDE,MS,2022-02,1625,0,0
CAMPO GRANDE,MS,2022-03,1492,0,0
CAMPO GRANDE,MS,2022-04,1641,0,0
CAMPO GRANDE,MS,2022-05,1772,0,0
CAMPO GRANDE,MS,2022-06,1592,0,0
CAMPO GRANDE,MS,2022-07,1413,0,0
CAMPO GRANDE,MS,2022-08,1555,0,0
CAMPO GRANDE,MS,2022-09,1480,0,0
CAMPO GRANDE,MS,2022-10,1644,0,0
CAMPO GRANDE,MS,2022-11,1418,0,0
CAMPO GRANDE,MS,2022-12,1673,0,0
CAMPO GRANDE,MS,2023-01,1541,0,0
CAMPO GRANDE,MS,2023-02,1147,0,0
CAMPO GRANDE,MS,2023-03,1400,0,0
CAMPO GRANDE,MS,2023-04,1267,0,0
CAMPO GRANDE,MS,2023-05,1362,0,0
CAMPO GRANDE,MS,2023-06,1473,0,0
CAMPO GRANDE,MS,2023-07,1268,0,0
CAMPO GRANDE,MS,2023-08,1584,0,0
CAMPO GRANDE,MS,2023-09,1746,0,0
LONDRINA,PR,2012-01,1063,0,0
LONDRINA,PR,2012-02,802,0,0
LONDRINA,PR,2012-03,971,0,0
LONDRINA,PR,2012-04,986,0,0
LONDRINA,PR,2012-05,1062,0,0
LONDRINA,PR,2012-06,1131,0,0
LONDRINA,PR,2012-07,1068,0,0
LONDRINA,PR,2012-08,1202,0,0
LONDRINA,PR,2012-09,948,0,0
LONDRINA,PR,2012-10,1118,0,0
LONDRINA,PR,2012-11,890,0,0
LONDRINA,PR,2012-12,804,0,0
LONDRINA,PR,2013-01,1202,0,0
LONDRINA,PR,2013-02,744,0,0
LONDRINA,PR,2013-03,976,0,0
LONDRINA,PR,2013-04,1085,0,0
LONDRINA,PR,2013-05,1186,0,0
LONDRINA,PR,2013-06,870,0,0
LONDRINA,PR,2013-07,1244,0,0
LONDRINA,PR,2013-08,1185,0,0
LONDRINA,PR,2013-09,1036,0,0
LONDRINA,PR,2013-10,1016,0,0
LONDRINA,PR,2013-11,1128,0,0
LONDRINA,PR,2013-12,1040,0,0
LONDRINA,PR,2014-01,1387,0,0
LONDRINA,PR,2014-02,1122,0,0
LONDRINA,PR,2014-03,1197,0,0
LONDRINA,PR,2014-04,1178,0,0
LONDRINA,PR,2014-05,1077,0,0
LONDRINA,PR,2014-06,1081,0,0
LONDRINA,PR,2014-07,1056,0,0
LONDRINA,PR,2014-08,1174,0,0
LONDRINA,PR,2014-09,1186,0,0
LONDRINA,PR,2014-10,1149,0,0
LONDRINA,PR,2014-11,1398,0,0
LONDRINA,PR,2014-12,1095,0,0
LONDRINA,PR,2015-01,1335,0,0
LONDRINA,PR,2015-02,829,0,0
LONDRINA,PR,2015-03,1088,0,0
LONDRINA,PR,2015-04,1250,0,0
LONDRINA,PR,2015-05,932,0,0
LONDRINA,PR,2015-06,1030,0,0
LONDRINA,PR,2015-07,981,0,0
LONDRINA,PR,2015-08,1038,0,0
LONDRINA,PR,2015-09,868,0,0
LONDRINA,PR,2015-10,930,0,0
LONDRINA,PR,2015-11,840,0,0
LONDRINA,PR,2015-12,792,0,0
LONDRINA,PR,2016-01,1076,0,0
LONDRINA,PR,2016-02,760,0,0
LONDRINA,PR,2016-03,860,0,0
LONDRINA,PR,2016-04,781,0,0
LONDRINA,PR,2016-05,975,0,0
LONDRINA,PR,2016-06,931,0,0
LONDRINA,PR,2016-07,973,0,0
LONDRINA,PR,2016-08,881,0,0
LONDRINA,PR,2016-09,859,0,0
LONDRINA,PR,2016-10,921,0,0
LONDRINA,PR,2016-11,889,0,0
LONDRINA,PR,2016-12,676,0,0
LONDRINA,PR,2017-01,1016,0,0
LONDRINA,PR,2017-02,769,0,0
LONDRINA,PR,2017-03,858,0,0
LONDRINA,PR,2017-04,854,0,0
LONDRINA,PR,2017-05,1443,0,0
LONDRINA,PR,2017-06,886,0,0
LONDRINA,PR,2017-07,1012,0,0
LONDRINA,PR,2017-08,1199,0,0
LONDRINA,PR,2017-09,1076,0,0
LONDRINA,PR,2017-10,1088,0,0
LONDRINA,PR,2017-11,928,0,0
LONDRINA,PR,2017-12,984,0,0
LONDRINA,PR,2018-01,959,0,0
LONDRINA,PR,2018-02,825,0,0
LONDRINA,PR,2018-03,920,0,0
LONDRINA,PR,2018-04,984,0,0
LONDRINA,PR,2018-05,852,0,0
LONDRINA,PR,2018-06,868,0,0
LONDRINA,PR,2018-07,972,0,0
LONDRINA,PR,2018-08,1145,0,0
LONDRINA,PR,2018-09,1009,0,0
LONDRINA,PR,2018-10,1243,0,0
LONDRINA,PR,2018-11,895,0,0
LONDRINA,PR,2018-12,893,0,0
LONDRINA,PR,2019-01,1278,0,0
LONDRINA,PR,2019-02,880,0,0
LONDRINA,PR,2019-03,898,0,0
LONDRINA,PR,2019-04,887,0,0
LONDRINA,PR,2019-05,1042,0,0
LONDRINA,PR,2019-06,805,0,0
LONDRINA,PR,2019-07,1199,0,0
LONDRINA,PR,2019-08,1248,0,0
LONDRINA,PR,2019-09,985,0,0
LONDRINA,PR,2019-10,1197,0,0
LONDRINA,PR,2019-11,924,0,0
LONDRINA,PR,2019-12,1162,0,0
LONDRINA,PR,2020-01,1011,0,0
LONDRINA,PR,2020-02,715,0,0
LONDRINA,PR,2020-03,965,0,0
LONDRINA,PR,2020-04,714,0,0
LONDRINA,PR,2020-05,845,0,0
LONDRINA,PR,2020-06,792,0,0
LONDRINA,PR,2020-07,1110,0,0
LONDRINA,PR,2020-08,1094,0,0
LONDRINA,PR,2020-09,1025,0,0
LONDRINA,PR,2020-10,1024,0,0
LONDRINA,PR,2020-11,1163,0,0
LONDRINA,PR,2020-12,1346,0,0
LONDRINA,PR,2021-01,1390,0,0
LONDRINA,PR,2021-02,1093,0,0
LONDRINA,PR,2021-03,1151,0,0
LONDRINA,PR,2021-04,1054,0,0
LONDRINA,PR,2021-05,961,0,0
LONDRINA,PR,2021-06,1582,0,0
LONDRINA,PR,2021-07,1615,0,0
LONDRINA,PR,2021-08,1329,0,0
LONDRINA,PR,2021-09,1661,0,0
LONDRINA,PR,2021-10,1345,0,0
LONDRINA,PR,2021-11,1418,0,0
LONDRINA,PR,2021-12,1201,0,0
LONDRINA,PR,2022-01,1188,0,0
LONDRINA,PR,2022-02,1027,0,0
LONDRINA,PR,2022-03,1093,0,0
LONDRINA,PR,2022-04,723,0,0
LONDRINA,PR,2022-05,1043,0,0
LONDRINA,PR,2022-06,916,0,0
LONDRINA,PR,2022-07,1060,0,0
LONDRINA,PR,2022-08,1425,0,0
LONDRINA,PR,2022-09,1185,0,0
LONDRINA,PR,2022-10,998,0,0
LONDRINA,PR,2022-11,960,0,0
LONDRINA,PR,2022-12,912,0,0
LONDRINA,PR,2023-01,1117,0,0
LONDRINA,PR,2023-02,809,0,0
LONDRINA,PR,2023-03,1037,0,0
LONDRINA,PR,2023-04,783,0,0
LONDRINA,PR,2023-05,940,0,0
LONDRINA,PR,2023-06,889,0,0
LONDRINA,PR,2023-07,821,0,0
LONDRINA,PR,2023-08,1001,0,0
LONDRINA,PR,2023-09,970,0,0
MARINGÁ,PR,2012-01,814,0,0
MARINGÁ,PR,2012-02,626,0,0
MARINGÁ,PR,2012-03,736,0,0
MARINGÁ,PR,2012-04,775,0,0
MARINGÁ,PR,2012-05,932,0,0
MARINGÁ,PR,2012-06,842,0,0
MARINGÁ,PR,2012-07,838,0,0
MARINGÁ,PR,2012-08,897,0,0
MARINGÁ,PR,2012-09,897,0,0
MARINGÁ,PR,2012-10,801,0,0
MARINGÁ,PR,2012-11,705,0,0
MARINGÁ,PR,2012-12,759,0,0
MARINGÁ,PR,2013-01,952,0,0
MARINGÁ,PR,2013-02,0,0,0
MARINGÁ,PR,2013-03,734,0,0
MARINGÁ,PR,2013-04,856,0,0
MARINGÁ,PR,2013-05,795,0,0
MARINGÁ,PR,2013-06,876,0,0
MARINGÁ,PR,2013-07,698,0,0
MARINGÁ,PR,2013-08,962,0,0
MARINGÁ,PR,2013-09,841,0,0
MARINGÁ,PR,2013-10,952,0,0
MARINGÁ,PR,2013-11,728,0,0
MARINGÁ,PR,2013-12,770,0,0
MARINGÁ,PR,2014-01,926,0,0
MARINGÁ,PR,2014-02,765,0,0
MARINGÁ,PR,2014-03,690,0,0
MARINGÁ,PR,2014-04,823,0,0
MARINGÁ,PR,2014-05,845,0,0
MARINGÁ,PR,2014-06,889,0,0
MARINGÁ,PR,2014-07,1022,0,0
MARINGÁ,PR,2014-08,753,0,0
MARINGÁ,PR,2014-09,832,0,0
MARINGÁ,PR,2014-10,884,0,0
MARINGÁ,PR,2014-11,888,0,0
MARINGÁ,PR,2014-12,797,0,0
MARINGÁ,PR,2015-01,815,0,0
MARINGÁ,PR,2015-02,717,0,0
MARINGÁ,PR,2015-03,880,0,0
MARINGÁ,PR,2015-04,834,0,0
MARINGÁ,PR,2015-05,752,0,0
MARINGÁ,PR,2015-06,830,0,0
MARINGÁ,PR,2015-07,789,0,0
MARINGÁ,PR,2015-08,912,0,0
MARINGÁ,PR,2015-09,825,0,0
MARINGÁ,PR,2015-10,793,0,0
MARINGÁ,PR,2015-11,826,0,0
MARINGÁ,PR,2015-12,844,0,0
MARINGÁ,PR,2016-01,762,0,0
MARINGÁ,PR,2016-02,715,0,0
MARINGÁ,PR,2016-03,742,0,0
MARINGÁ,PR,2016-04,559,0,0
MARINGÁ,PR,2016-05,645,0,0
MARINGÁ,PR,2016-06,791,0,0
MARINGÁ,PR,2016-07,869,0,0
MARINGÁ,PR,2016-08,788,0,0
MARINGÁ,PR,2016-09,788,0,0
MARINGÁ,PR,2016-10,636,0,0
MARINGÁ,PR,2016-11,589,0,0
MARINGÁ,PR,2016-12,860,0,0
MARINGÁ,PR,2017-01,1062,0,0
MARINGÁ,PR,2017-02,517,0,0
MARINGÁ,PR,2017-03,695,0,0
MARINGÁ,PR,2017-04,563,0,0
MARINGÁ,PR,2017-05,629,0,0
MARINGÁ,PR,2017-06,661,0,0
MARINGÁ,PR,2017-07,645,0,0
MARINGÁ,PR,2017-08,716,0,0
MARINGÁ,PR,2017-09,767,0,0
MARINGÁ,PR,2017-10,764,0,0
MARINGÁ,PR,2017-11,745,0,0
MARINGÁ,PR,2017-12,662,0,0
MARINGÁ,PR,2018-01,564,0,0
MARINGÁ,PR,2018-02,675,0,0
MARINGÁ,PR,2018-03,683,0,0
MARINGÁ,PR,2018-04,716,0,0
MARINGÁ,PR,2018-05,758,0,0
MARINGÁ,PR,2018-06,796,0,0
MARINGÁ,PR,2018-07,811,0,0
MARINGÁ,PR,2018-08,803,0,0
MARINGÁ,PR,2018-09,785,0,0
MARINGÁ,PR,2018-10,962,0,0
MARINGÁ,PR,2018-11,809,0,0
MARINGÁ,PR,2018-12,753,0,0
MARINGÁ,PR,2019-01,776,0,0
MARINGÁ,PR,2019-02,745,0,0
MARINGÁ,PR,2019-03,640,0,0
MARINGÁ,PR,2019-04,771,0,0
MARINGÁ,PR,2019-05,879,0,0
MARINGÁ,PR,2019-06,626,0,0
MARINGÁ,PR,2019-07,730,0,0
MARINGÁ,PR,2019-08,780,0,0
MARINGÁ,PR,2019-09,712,0,0
MARINGÁ,PR,2019-10,799,0,0
MARINGÁ,PR,2019-11,644,0,0
MARINGÁ,PR,2019-12,804,0,0
MARINGÁ,PR,2020-01,835,0,0
MARINGÁ,PR,2020-02,700,0,0
MARINGÁ,PR,2020-03,872,0,0
MARINGÁ,PR,2020-04,570,0,0
MARINGÁ,PR,2020-05,702,0,0
MARINGÁ,PR,2020-06,679,0,0
MARINGÁ,PR,2020-07,1085,0,0
MARINGÁ,PR,2020-08,875,0,0
MARINGÁ,PR,2020-09,1036,0,0
MARINGÁ,PR,2020-10,1169,0,0
MARINGÁ,PR,2020-11,896,0,0
MARINGÁ,PR,2020-12,1135,0,0
MARINGÁ,PR,2021-01,1064,0,0
MARINGÁ,PR,2021-02,966,0,0
MARINGÁ,PR,2021-03,1074,0,0
MARINGÁ,PR,2021-04,939,0,0
MARINGÁ,PR,2021-05,1091,0,0
MARINGÁ,PR,2021-06,1274,0,0
MARINGÁ,PR,2021-07,1227,0,0
MARINGÁ,PR,2021-08,1171,0,0
MARINGÁ,PR,2021-09,989,0,0
MARINGÁ,PR,2021-10,979,0,0
MARINGÁ,PR,2021-11,653,0,0
MARINGÁ,PR,2021-12,786,0,0
MARINGÁ,PR,2022-01,915,0,0
MARINGÁ,PR,2022-02,740,0,0
MARINGÁ,PR,2022-03,694,0,0
MARINGÁ,PR,2022-04,577,0,0
MARINGÁ,PR,2022-05,648,0,0
MARINGÁ,PR,2022-06,775,0,0
MARINGÁ,PR,2022-07,633,0,0
MARINGÁ,PR,2022-08,798,0,0
MARINGÁ,PR,2022-09,726,0,0
MARINGÁ,PR,2022-10,676,0,0
MARINGÁ,PR,2022-11,833,0,0
MARINGÁ,PR,2022-12,845,0,0
MARINGÁ,PR,2023-01,771,0,0
MARINGÁ,PR,2023-02,704,0,0
MARINGÁ,PR,2023-03,895,0,0
MARINGÁ,PR,2023-04,726,0,0
MARINGÁ,PR,2023-05,850,0,0
MARINGÁ,PR,2023-06,660,0,0
MARINGÁ,PR,2023-07,896,0,0
MARINGÁ,PR,2023-08,806,0,0
MARINGÁ,PR,2023-09,815,0,0
JOINVILLE,SC,2012-01,577,0,0
JOINVILLE,SC,2012-02,836,0,0
JOINVILLE,SC,2012-03,671,0,0
JOINVILLE,SC,2012-04,640,0,0
JOINVILLE,SC,2012-05,664,0,0
JOINVILLE,SC,2012-06,852,0,0
JOINVILLE,SC,2012-07,817,0,0
JOINVILLE,SC,2012-08,773,0,0
JOINVILLE,SC,2012-09,886,0,0
JOINVILLE,SC,2012-10,876,0,0
JOINVILLE,SC,2012-11,762,0,0
JOINVILLE,SC,2012-12,711,0,0
JOINVILLE,SC,2013-01,909,0,0
JOINVILLE,SC,2013-02,765,0,0
JOINVILLE,SC,2013-03,762,0,0
JOINVILLE,SC,2013-04,864,0,0
JOINVILLE,SC,2013-05,876,0,0
JOINVILLE,SC,2013-06,734,0,0
JOINVILLE,SC,2013-07,903,0,0
JOINVILLE,SC,2013-08,765,0,0
JOINVILLE,SC,2013-09,939,0,0
JOINVILLE,SC,2013-10,1098,0,0
JOINVILLE,SC,2013-11,1085,0,0
JOINVILLE,SC,2013-12,801,0,0
JOINVILLE,SC,2014-01,785,0,0
JOINVILLE,SC,2014-02,792,0,0
JOINVILLE,SC,2014-03,654,0,0
JOINVILLE,SC,2014-04,710,0,0
JOINVILLE,SC,2014-05,758,0,0
JOINVILLE,SC,2014-06,750,0,0
JOINVILLE,SC,2014-07,962,0,0
JOINVILLE,SC,2014-08,883,0,0
JOINVILLE,SC,2014-09,931,0,0
JOINVILLE,SC,2014-10,1288,0,0
JOINVILLE,SC,2014-11,891,0,0
JOINVILLE,SC,2014-12,890,0,0
JOINVILLE,SC,2015-01,789,0,0
JOINVILLE,SC,2015-02,966,0,0
JOINVILLE,SC,2015-03,846,0,0
JOINVILLE,SC,2015-04,766,0,0
JOINVILLE,SC,2015-05,968,0,0
JOINVILLE,SC,2015-06,911,0,0
JOINVILLE,SC,2015-07,1388,0,0
JOINVILLE,SC,2015-08,1270,0,0
JOINVILLE,SC,2015-09,1218,0,0
JOINVILLE,SC,2015-10,831,0,0
JOINVILLE,SC,2015-11,779,0,0
JOINVILLE,SC,2015-12,724,0,0
JOINVILLE,SC,2016-01,706,0,0
JOINVILLE,SC,2016-02,692,0,0
JOINVILLE,SC,2016-03,780,0,0
JOINVILLE,SC,2016-04,739,0,0
JOINVILLE,SC,2016-05,757,0,0
JOINVILLE,SC,2016-06,835,0,0
JOINVILLE,SC,2016-07,851,0,0
JOINVILLE,SC,2016-08,942,0,0
JOINVILLE,SC,2016-09,748,0,0
JOINVILLE,SC,2016-10,657,0,0
JOINVILLE,SC,2016-11,932,0,0
JOINVILLE,SC,2016-12,957,0,0
JOINVILLE,SC,2017-01,829,0,0
JOINVILLE,SC,2017-02,716,0,0
JOINVILLE,SC,2017-03,693,0,0
JOINVILLE,SC,2017-04,729,0,0
JOINVILLE,SC,2017-05,784,0,0
JOINVILLE,SC,2017-06,815,0,0
JOINVILLE,SC,2017-07,815,0,0
JOINVILLE,SC,2017-08,902,0,0
JOINVILLE,SC,2017-09,733,0,0
JOINVILLE,SC,2017-10,880,0,0
JOINVILLE,SC,2017-11,704,0,0
JOINVILLE,SC,2017-12,807,0,0
JOINVILLE,SC,2018-01,681,0,0
JOINVILLE,SC,2018-02,626,0,0
JOINVILLE,SC,2018-03,774,0,0
JOINVILLE,SC,2018-04,867,0,0
JOINVILLE,SC,2018-05,731,0,0
JOINVILLE,SC,2018-06,928,0,0
JOINVILLE,SC,2018-07,861,0,0
JOINVILLE,SC,2018-08,1140,0,0
JOINVILLE,SC,2018-09,791,0,0
JOINVILLE,SC,2018-10,875,0,0
JOINVILLE,SC,2018-11,839,0,0
JOINVILLE,SC,2018-12,860,0,0
JOINVILLE,SC,2019-01,785,0,0
JOINVILLE,SC,2019-02,613,0,0
JOINVILLE,SC,2019-03,666,0,0
JOINVILLE,SC,2019-04,983,0,0
JOINVILLE,SC,2019-05,939,0,0
JOINVILLE,SC,2019-06,717,0,0
JOINVILLE,SC,2019-07,751,0,0
JOINVILLE,SC,2019-08,941,0,0
JOINVILLE,SC,2019-09,831,0,0
JOINVILLE,SC,2019-10,930,0,0
JOINVILLE,SC,2019-11,828,0,0
JOINVILLE,SC,2019-12,910,0,0
JOINVILLE,SC,2020-01,886,0,0
JOINVILLE,SC,2020-02,593,0,0
JOINVILLE,SC,2020-03,565,0,0
JOINVILLE,SC,2020-04,541,0,0
JOINVILLE,SC,2020-05,734,0,0
JOINVILLE,SC,2020-06,902,0,0
JOINVILLE,SC,2020-07,1129,0,0
JOINVILLE,SC,2020-08,904,0,0
JOINVILLE,SC,2020-09,1000,0,0
JOINVILLE,SC,2020-10,1133,0,0
JOINVILLE,SC,2020-11,1010,0,0
JOINVILLE,SC,2020-12,772,0,0
JOINVILLE,SC,2021-01,918,0,0
JOINVILLE,SC,2021-02,1057,0,0
JOINVILLE,SC,2021-03,1145,0,0
JOINVILLE,SC,2021-04,1116,0,0
JOINVILLE,SC,2021-05,1247,0,0
JOINVILLE,SC,2021-06,1290,0,0
JOINVILLE,SC,2021-07,701,0,0
JOINVILLE,SC,2021-08,1125,0,0
JOINVILLE,SC,2021-09,1131,0,0
JOINVILLE,SC,2021-10,1144,0,0
JOINVILLE,SC,2021-11,1168,0,0
JOINVILLE,SC,2021-12,1221,0,0
JOINVILLE,SC,2022-01,839,0,0
JOINVILLE,SC,2022-02,973,0,0
JOINVILLE,SC,2022-03,887,0,0
JOINVILLE,SC,2022-04,1004,0,0
JOINVILLE,SC,2022-05,981,0,0
JOINVILLE,SC,2022-06,1092,0,0
JOINVILLE,SC,2022-07,1160,0,0
JOINVILLE,SC,2022-08,1097,0,0
JOINVILLE,SC,2022-09,943,0,0
JOINVILLE,SC,2022-10,1086,0,0
JOINVILLE,SC,2022-11,983,0,0
JOINVILLE,SC,2022-12,1135,0,0
JOINVILLE,SC,2023-01,899,0,0
JOINVILLE,SC,2023-02,757,0,0
JOINVILLE,SC,2023-03,1072,0,0
JOINVILLE,SC,2023-04,737,0,0
JOINVILLE,SC,2023-05,971,0,0
JOINVILLE,SC,2023-06,904,0,0
JOINVILLE,SC,2023-07,914,0,0
JOINVILLE,SC,2023-08,985,0,0
JOINVILLE,SC,2023-09,1028,0,0
CAMPINAS,SP,2012-01,2315,0,0
CAMPINAS,SP,2012-02,2189,0,0
CAMPINAS,SP,2012-03,2066,0,0
CAMPINAS,SP,2012-04,2340,0,0
CAMPINAS,SP,2012-05,2414,0,0
CAMPINAS,SP,2012-06,2001,0,0
CAMPINAS,SP,2012-07,2506,0,0
CAMPINAS,SP,2012-08,2459,0,0
CAMPINAS,SP,2012-09,2795,0,0
CAMPINAS,SP,2012-10,2614,0,0
CAMPINAS,SP,2012-11,2513,0,0
CAMPINAS,SP,2012-12,2008,0,0
CAMPINAS,SP,2013-01,2413,0,0
CAMPINAS,SP,2013-02,2314,0,0
CAMPINAS,SP,2013-03,2244,0,0
CAMPINAS,SP,2013-04,2589,0,0
CAMPINAS,SP,2013-05,2333,0,0
CAMPINAS,SP,2013-06,2126,0,0
CAMPINAS,SP,2013-07,2337,0,0
CAMPINAS,SP,2013-08,2694,0,0
CAMPINAS,SP,2013-09,2840,0,0
CAMPINAS,SP,2013-10,2811,0,0
CAMPINAS,SP,2013-11,2299,0,0
CAMPINAS,SP,2013-12,2519,0,0
CAMPINAS,SP,2014-01,2436,0,0
CAMPINAS,SP,2014-02,1410,0,0
CAMPINAS,SP,2014-03,1772,0,0
CAMPINAS,SP,2014-04,1906,0,0
CAMPINAS,SP,2014-05,1937,0,0
CAMPINAS,SP,2014-06,1569,0,0
CAMPINAS,SP,2014-07,2116,0,0
CAMPINAS,SP,2014-08,1947,0,0
CAMPINAS,SP,2014-09,2233,0,0
CAMPINAS,SP,2014-10,2512,0,0
CAMPINAS,SP,2014-11,2236,0,0
CAMPINAS,SP,2014-12,2256,0,0
CAMPINAS,SP,2015-01,2061,0,0
CAMPINAS,SP,2015-02,1729,0,0
CAMPINAS,SP,2015-03,1993,0,0
CAMPINAS,SP,2015-04,1969,0,0
CAMPINAS,SP,2015-05,2714,0,0
CAMPINAS,SP,2015-06,2448,0,0
CAMPINAS,SP,2015-07,1874,0,0
CAMPINAS,SP,2015-08,2511,0,0
CAMPINAS,SP,2015-09,2215,0,0
CAMPINAS,SP,2015-10,1913,0,0
CAMPINAS,SP,2015-11,1412,0,0
CAMPINAS,SP,2015-12,1808,0,0
CAMPINAS,SP,2016-01,2113,0,0
CAMPINAS,SP,2016-02,1804,0,0
CAMPINAS,SP,2016-03,1489,0,0
CAMPINAS,SP,2016-04,1979,0,0
CAMPINAS,SP,2016-05,1713,0,0
CAMPINAS,SP,2016-06,1867,0,0
CAMPINAS,SP,2016-07,1883,0,0
CAMPINAS,SP,2016-08,2377,0,0
CAMPINAS,SP,2016-09,1520,0,0
CAMPINAS,SP,2016-10,1407,0,0
CAMPINAS,SP,2016-11,2057,0,0
CAMPINAS,SP,2016-12,1819,0,0
CAMPINAS,SP,2017-01,1732,0,0
CAMPINAS,SP,2017-02,1086,0,0
CAMPINAS,SP,2017-03,1440,0,0
CAMPINAS,SP,2017-04,1202,0,0
CAMPINAS,SP,2017-05,1659,0,0
CAMPINAS,SP,2017-06,1770,0,0
CAMPINAS,SP,2017-07,1520,0,0
CAMPINAS,SP,2017-08,1752,0,0
CAMPINAS,SP,2017-09,1380,0,0
CAMPINAS,SP,2017-10,1582,0,0
CAMPINAS,SP,2017-11,1287,0,0
CAMPINAS,SP,2017-12,1898,0,0
CAMPINAS,SP,2018-01,1687,0,0
CAMPINAS,SP,2018-02,1193,0,0
CAMPINAS,SP,2018-03,1590,0,0
CAMPINAS,SP,2018-04,1330,0,0
CAMPINAS,SP,2018-05,2340,0,0
CAMPINAS,SP,2018-06,1500,0,0
CAMPINAS,SP,2018-07,1577,0,0
CAMPINAS,SP,2018-08,1932,0,0
CAMPINAS,SP,2018-09,1720,0,0
CAMPINAS,SP,2018-10,1722,0,0
CAMPINAS,SP,2018-11,2021,0,0
CAMPINAS,SP,2018-12,1501,0,0
CAMPINAS,SP,2019-01,2259,0,0
CAMPINAS,SP,2019-02,1472,0,0
CAMPINAS,SP,2019-03,1558,0,0
CAMPINAS,SP,2019-04,1816,0,0
CAMPINAS,SP,2019-05,1521,0,0
CAMPINAS,SP,2019-06,1599,0,0
CAMPINAS,SP,2019-07,1551,0,0
CAMPINAS,SP,2019-08,2192,0,0
CAMPINAS,SP,2019-09,1862,0,0
CAMPINAS,SP,2019-10,1905,0,0
CAMPINAS,SP,2019-11,1454,0,0
CAMPINAS,SP,2019-12,1770,0,0
CAMPINAS,SP,2020-01,2162,0,0
CAMPINAS,SP,2020-02,1588,0,0
CAMPINAS,SP,2020-03,1813,0,0
CAMPINAS,SP,2020-04,1205,0,0
CAMPINAS,SP,2020-05,989,0,0
CAMPINAS,SP,2020-06,1478,0,0
CAMPINAS,SP,2020-07,1485,0,0
CAMPINAS,SP,2020-08,1703,0,0
CAMPINAS,SP,2020-09,1963,0,0
CAMPINAS,SP,2020-10,2118,0,0
CAMPINAS,SP,2020-11,1931,0,0
CAMPINAS,SP,2020-12,2114,0,0
CAMPINAS,SP,2021-01,2362,0,0
CAMPINAS,SP,2021-02,2105,0,0
CAMPINAS,SP,2021-03,2372,0,0
CAMPINAS,SP,2021-04,2071,0,0
CAMPINAS,SP,2021-05,2390,0,0
CAMPINAS,SP,2021-06,2353,0,0
CAMPINAS,SP,2021-07,2594,0,0
CAMPINAS,SP,2021-08,2518,0,0
CAMPINAS,SP,2021-09,2815,0,0
CAMPINAS,SP,2021-10,2520,0,0
CAMPINAS,SP,2021-11,2122,0,0
CAMPINAS,SP,2021-12,2436,0,0
CAMPINAS,SP,2022-01,2235,0,0
CAMPINAS,SP,2022-02,1782,0,0
CAMPINAS,SP,2022-03,2285,0,0
CAMPINAS,SP,2022-04,1805,0,0
CAMPINAS,SP,2022-05,2320,0,0
CAMPINAS,SP,2022-06,2355,0,0
CAMPINAS,SP,2022-07,2569,0,0
CAMPINAS,SP,2022-08,2324,0,0
CAMPINAS,SP,2022-09,2405,0,0
CAMPINAS,SP,2022-10,2440,0,0
CAMPINAS,SP,2022-11,2043,0,0
CAMPINAS,SP,2022-12,2346,0,0
CAMPINAS,SP,2023-01,1913,0,0
CAMPINAS,SP,2023-02,1423,0,0
CAMPINAS,SP,2023-03,2395,0,0
CAMPINAS,SP,2023-04,1891,0,0
CAMPINAS,SP,2023-05,2707,0,0
CAMPINAS,SP,2023-06,1918,0,0
CAMPINAS,SP,2023-07,2174,0,0
CAMPINAS,SP,2023-08,2290,0,0
CAMPINAS,SP,2023-09,1917,0,0
SANTOS,SP,2012-01,532,0,0
SANTOS,SP,2012-02,618,0,0
SANTOS,SP,2012-03,609,0,0
SANTOS,SP,2012-04,550,0,0
SANTOS,SP,2012-05,1112,0,0
SANTOS,SP,2012-06,758,0,0
SANTOS,SP,2012-07,1040,0,0
SANTOS,SP,2012-08,1343,0,0
SANTOS,SP,2012-09,918,0,0
SANTOS,SP,2012-10,1227,0,0
SANTOS,SP,2012-11,982,0,0
SANTOS,SP,2012-12,881,0,0
SANTOS,SP,2013-01,1308,0,0
SANTOS,SP,2013-02,795,0,0
SANTOS,SP,2013-03,783,0,0
SANTOS,SP,2013-04,1337,0,0
SANTOS,SP,2013-05,1079,0,0
SANTOS,SP,2013-06,1064,0,0
SANTOS,SP,2013-07,1006,0,0
SANTOS,SP,2013-08,1122,0,0
SANTOS,SP,2013-09,1060,0,0
SANTOS,SP,2013-10,1063,0,0
SANTOS,SP,2013-11,977,0,0
SANTOS,SP,2013-12,975,0,0
SANTOS,SP,2014-01,1269,0,0
SANTOS,SP,2014-02,841,0,0
SANTOS,SP,2014-03,823,0,0
SANTOS,SP,2014-04,839,0,0
SANTOS,SP,2014-05,1075,0,0
SANTOS,SP,2014-06,847,0,0
SANTOS,SP,2014-07,1064,0,0
SANTOS,SP,2014-08,1125,0,0
SANTOS,SP,2014-09,982,0,0
SANTOS,SP,2014-10,937,0,0
SANTOS,SP,2014-11,858,0,0
SANTOS,SP,2014-12,907,0,0
SANTOS,SP,2015-01,1143,0,0
SANTOS,SP,2015-02,839,0,0
SANTOS,SP,2015-03,948,0,0
SANTOS,SP,2015-04,955,0,0
SANTOS,SP,2015-05,1026,0,0
SANTOS,SP,2015-06,909,0,0
SANTOS,SP,2015-07,923,0,0
SANTOS,SP,2015-08,826,0,0
SANTOS,SP,2015-09,855,0,0
SANTOS,SP,2015-10,872,0,0
SANTOS,SP,2015-11,735,0,0
SANTOS,SP,2015-12,846,0,0
SANTOS,SP,2016-01,1075,0,0
SANTOS,SP,2016-02,629,0,0
SANTOS,SP,2016-03,676,0,0
SANTOS,SP,2016-04,795,0,0
SANTOS,SP,2016-05,883,0,0
SANTOS,SP,2016-06,888,0,0
SANTOS,SP,2016-07,757,0,0
SANTOS,SP,2016-08,893,0,0
SANTOS,SP,2016-09,756,0,0
SANTOS,SP,2016-10,682,0,0
SANTOS,SP,2016-11,724,0,0
SANTOS,SP,2016-12,973,0,0
SANTOS,SP,2017-01,943,0,0
SANTOS,SP,2017-02,660,0,0
SANTOS,SP,2017-03,803,0,0
SANTOS,SP,2017-04,675,0,0
SANTOS,SP,2017-05,936,0,0
SANTOS,SP,2017-06,865,0,0
SANTOS,SP,2017-07,786,0,0
SANTOS,SP,2017-08,980,0,0
SANTOS,SP,2017-09,790,0,0
SANTOS,SP,2017-10,928,0,0
SANTOS,SP,2017-11,772,0,0
SANTOS,SP,2017-12,884,0,0
SANTOS,SP,2018-01,980,0,0
SANTOS,SP,2018-02,613,0,0
SANTOS,SP,2018-03,758,0,0
SANTOS,SP,2018-04,852,0,0
SANTOS,SP,2018-05,772,0,0
SANTOS,SP,2018-06,870,0,0
SANTOS,SP,2018-07,889,0,0
SANTOS,SP,2018-08,949,0,0
SANTOS,SP,2018-09,837,0,0
SANTOS,SP,2018-10,939,0,0
SANTOS,SP,2018-11,893,0,0
SANTOS,SP,2018-12,770,0,0
SANTOS,SP,2019-01,1159,0,0
SANTOS,SP,2019-02,658,0,0
SANTOS,SP,2019-03,796,0,0
SANTOS,SP,2019-04,806,0,0
SANTOS,SP,2019-05,846,0,0
SANTOS,SP,2019-06,732,0,0
SANTOS,SP,2019-07,849,0,0
SANTOS,SP,2019-08,1039,0,0
SANTOS,SP,2019-09,849,0,0
SANTOS,SP,2019-10,1038,0,0
SANTOS,SP,2019-11,935,0,0
SANTOS,SP,2019-12,812,0,0
SANTOS,SP,2020-01,1227,0,0
SANTOS,SP,2020-02,632,0,0
SANTOS,SP,2020-03,815,0,0
SANTOS,SP,2020-04,610,0,0
SANTOS,SP,2020-05,477,0,0
SANTOS,SP,2020-06,664,0,0
SANTOS,SP,2020-07,828,0,0
SANTOS,SP,2020-08,1074,0,0
SANTOS,SP,2020-09,1219,0,0
SANTOS,SP,2020-10,1379,0,0
SANTOS,SP,2020-11,1497,0,0
SANTOS,SP,2020-12,1336,0,0
SANTOS,SP,2021-01,1443,0,0
SANTOS,SP,2021-02,1034,0,0
SANTOS,SP,2021-03,1508,0,0
SANTOS,SP,2021-04,1166,0,0
SANTOS,SP,2021-05,1347,0,0
SANTOS,SP,2021-06,1406,0,0
SANTOS,SP,2021-07,1462,0,0
SANTOS,SP,2021-08,1496,0,0
SANTOS,SP,2021-09,1596,0,0
SANTOS,SP,2021-10,1448,0,0
SANTOS,SP,2021-11,1438,0,0
SANTOS,SP,2021-12,1344,0,0
SANTOS,SP,2022-01,1542,0,0
SANTOS,SP,2022-02,1251,0,0
SANTOS,SP,2022-03,1179,0,0
SANTOS,SP,2022-04,988,0,0
SANTOS,SP,2022-05,1276,0,0
SANTOS,SP,2022-06,1247,0,0
SANTOS,SP,2022-07,993,0,0
SANTOS,SP,2022-08,1296,0,0
SANTOS,SP,2022-09,1094,0,0
SANTOS,SP,2022-10,1320,0,0
SANTOS,SP,2022-11,1008,0,0
SANTOS,SP,2022-12,1049,0,0
SANTOS,SP,2023-01,1124,0,0
SANTOS,SP,2023-02,764,0,0
SANTOS,SP,2023-03,1227,0,0
SANTOS,SP,2023-04,921,0,0
SANTOS,SP,2023-05,1097,0,0
SANTOS,SP,2023-06,980,0,0
SANTOS,SP,2023-07,1073,0,0
SANTOS,SP,2023-08,1190,0,0
SANTOS,SP,2023-09,1033,0,0
GUARULHOS,SC,2012-01,578,0,0
GUARULHOS,SC,2012-02,958,0,0
GUARULHOS,SC,2012-03,1611,0,0
GUARULHOS,SC,2012-04,1049,0,0
GUARULHOS,SC,2012-05,1220,0,0
GUARULHOS,SC,2012-06,1061,0,0
GUARULHOS,SC,2012-07,1414,0,0
GUARULHOS,SC,2012-08,1535,0,0
GUARULHOS,SC,2012-09,1215,0,0
GUARULHOS,SC,2012-10,1653,0,0
GUARULHOS,SC,2012-11,1357,0,0
GUARULHOS,SC,2012-12,1222,0,0
GUARULHOS,SC,2013-01,1242,0,0
GUARULHOS,SC,2013-02,913,0,0
GUARULHOS,SC,2013-03,1114,0,0
GUARULHOS,SC,2013-04,1456,0,0
GUARULHOS,SC,2013-05,964,0,0
GUARULHOS,SC,2013-06,1327,0,0
GUARULHOS,SC,2013-07,1311,0,0
GUARULHOS,SC,2013-08,1249,0,0
GUARULHOS,SC,2013-09,1273,0,0
GUARULHOS,SC,2013-10,859,0,0
GUARULHOS,SC,2013-11,1011,0,0
GUARULHOS,SC,2013-12,1064,0,0
GUARULHOS,SC,2014-01,911,0,0
GUARULHOS,SC,2014-02,1042,0,0
GUARULHOS,SC,2014-03,951,0,0
GUARULHOS,SC,2014-04,1311,0,0
GUARULHOS,SC,2014-05,1168,0,0
GUARULHOS,SC,2014-06,872,0,0
GUARULHOS,SC,2014-07,1076,0,0
GUARULHOS,SC,2014-08,1030,0,0
GUARULHOS,SC,2014-09,1156,0,0
GUARULHOS,SC,2014-10,1303,0,0
GUARULHOS,SC,2014-11,850,0,0
GUARULHOS,SC,2014-12,876,0,0
GUARULHOS,SC,2015-01,940,0,0
GUARULHOS,SC,2015-02,824,0,0
GUARULHOS,SC,2015-03,1001,0,0
GUARULHOS,SC,2015-04,952,0,0
GUARULHOS,SC,2015-05,1399,0,0
GUARULHOS,SC,2015-06,1106,0,0
GUARULHOS,SC,2015-07,1232,0,0
GUARULHOS,SC,2015-08,1108,0,0
GUARULHOS,SC,2015-09,923,0,0
GUARULHOS,SC,2015-10,827,0,0
GUARULHOS,SC,2015-11,932,0,0
GUARULHOS,SC,2015-12,1146,0,0
GUARULHOS,SC,2016-01,1148,0,0
GUARULHOS,SC,2016-02,894,0,0
GUARULHOS,SC,2016-03,930,0,0
GUARULHOS,SC,2016-04,825,0,0
GUARULHOS,SC,2016-05,818,0,0
GUARULHOS,SC,2016-06,922,0,0
GUARULHOS,SC,2016-07,885,0,0
GUARULHOS,SC,2016-08,875,0,0
GUARULHOS,SC,2016-09,746,0,0
GUARULHOS,SC,2016-10,624,0,0
GUARULHOS,SC,2016-11,844,0,0
GUARULHOS,SC,2016-12,1248,0,0
GUARULHOS,SC,2017-01,1005,0,0
GUARULHOS,SC,2017-02,647,0,0
GUARULHOS,SC,2017-03,827,0,0
GUARULHOS,SC,2017-04,738,0,0
GUARULHOS,SC,2017-05,1026,0,0
GUARULHOS,SC,2017-06,882,0,0
GUARULHOS,SC,2017-07,1258,0,0
GUARULHOS,SC,2017-08,1057,0,0
GUARULHOS,SC,2017-09,1124,0,0
GUARULHOS,SC,2017-10,989,0,0
GUARULHOS,SC,2017-11,751,0,0
GUARULHOS,SC,2017-12,1110,0,0
GUARULHOS,SC,2018-01,935,0,0
GUARULHOS,SC,2018-02,682,0,0
GUARULHOS,SC,2018-03,1016,0,0
GUARULHOS,SC,2018-04,1025,0,0
GUARULHOS,SC,2018-05,1017,0,0
GUARULHOS,SC,2018-06,1056,0,0
GUARULHOS,SC,2018-07,926,0,0
GUARULHOS,SC,2018-08,915,0,0
GUARULHOS,SC,2018-09,733,0,0
GUARULHOS,SC,2018-10,876,0,0
GUARULHOS,SC,2018-11,761,0,0
GUARULHOS,SC,2018-12,950,0,0
GUARULHOS,SC,2019-01,855,0,0
GUARULHOS,SC,2019-02,642,0,0
GUARULHOS,SC,2019-03,707,0,0
GUARULHOS,SC,2019-04,797,0,0
GUARULHOS,SC,2019-05,1070,0,0
GUARULHOS,SC,2019-06,890,0,0
GUARULHOS,SC,2019-07,1102,0,0
GUARULHOS,SC,2019-08,843,0,0
GUARULHOS,SC,2019-09,896,0,0
GUARULHOS,SC,2019-10,1017,0,0
GUARULHOS,SC,2019-11,1114,0,0
GUARULHOS,SC,2019-12,925,0,0
GUARULHOS,SC,2020-01,1187,0,0
GUARULHOS,SC,2020-02,787,0,0
GUARULHOS,SC,2020-03,941,0,0
GUARULHOS,SC,2020-04,792,0,0
GUARULHOS,SC,2020-05,624,0,0
GUARULHOS,SC,2020-06,599,0,0
GUARULHOS,SC,2020-07,980,0,0
GUARULHOS,SC,2020-08,1145,0,0
GUARULHOS,SC,2020-09,1202,0,0
GUARULHOS,SC,2020-10,1293,0,0
GUARULHOS,SC,2020-11,1229,0,0
GUARULHOS,SC,2020-12,1408,0,0
GUARULHOS,SC,2021-01,933,0,0
GUARULHOS,SC,2021-02,1025,0,0
GUARULHOS,SC,2021-03,1477,0,0
GUARULHOS,SC,2021-04,1101,0,0
GUARULHOS,SC,2021-05,1213,0,0
GUARULHOS,SC,2021-06,1211,0,0
GUARULHOS,SC,2021-07,1512,0,0
GUARULHOS,SC,2021-08,1557,0,0
GUARULHOS,SC,2021-09,1358,0,0
GUARULHOS,SC,2021-10,1424,0,0
GUARULHOS,SC,2021-11,1365,0,0
GUARULHOS,SC,2021-12,1208,0,0
GUARULHOS,SC,2022-01,1281,0,0
GUARULHOS,SC,2022-02,1132,0,0
GUARULHOS,SC,2022-03,1147,0,0
GUARULHOS,SC,2022-04,1093,0,0
GUARULHOS,SC,2022-05,1407,0,0
GUARULHOS,SC,2022-06,1186,0,0
GUARULHOS,SC,2022-07,1262,0,0
GUARULHOS,SC,2022-08,1269,0,0
GUARULHOS,SC,2022-09,1238,0,0
GUARULHOS,SC,2022-10,1139,0,0
GUARULHOS,SC,2022-11,1059,0,0
GUARULHOS,SC,2022-12,1088,0,0
GUARULHOS,SC,2023-01,1001,0,0
GUARULHOS,SC,2023-02,706,0,0
GUARULHOS,SC,2023-03,1120,0,0
GUARULHOS,SC,2023-04,1188,0,0
GUARULHOS,SC,2023-05,1459,0,0
GUARULHOS,SC,2023-06,1268,0,0
GUARULHOS,SC,2023-07,1253,0,0
GUARULHOS,SC,2023-08,1190,0,0
GUARULHOS,SC,2023-09,1102,0,0
SÃO JOSÉ DOS CAMPOS,SP,2012-01,845,0,0
SÃO JOSÉ DOS CAMPOS,SP,2012-02,994,0,0
SÃO JOSÉ DOS CAMPOS,SP,2012-03,1162,0,0
SÃO JOSÉ DOS CAMPOS,SP,2012-04,1196,0,0
SÃO JOSÉ DOS CAMPOS,SP,2012-05,997,0,0
SÃO JOSÉ DOS CAMPOS,SP,2012-06,1107,0,0
SÃO JOSÉ DOS CAMPOS,SP,2012-07,1109,0,0
SÃO JOSÉ DOS CAMPOS,SP,2012-08,1332,0,0
SÃO JOSÉ DOS CAMPOS,SP,2012-09,1111,0,0
SÃO JOSÉ DOS CAMPOS,SP,2012-10,1274,0,0
SÃO JOSÉ DOS CAMPOS,SP,2012-11,1116,0,0
SÃO JOSÉ DOS CAMPOS,SP,2012-12,1051,0,0
SÃO JOSÉ DOS CAMPOS,SP,2013-01,1128,0,0
SÃO JOSÉ DOS CAMPOS,SP,2013-02,1032,0,0
SÃO JOSÉ DOS CAMPOS,SP,2013-03,1000,0,0
SÃO JOSÉ DOS CAMPOS,SP,2013-04,1634,0,0
SÃO JOSÉ DOS CAMPOS,SP,2013-05,1441,0,0
SÃO JOSÉ DOS CAMPOS,SP,2013-06,1386,0,0
SÃO JOSÉ DOS CAMPOS,SP,2013-07,1349,0,0
SÃO JOSÉ DOS CAMPOS,SP,2013-08,1473,0,0
SÃO JOSÉ DOS CAMPOS,SP,2013-09,1441,0,0
SÃO JOSÉ DOS CAMPOS,SP,2013-10,1388,0,0
SÃO JOSÉ DOS CAMPOS,SP,2013-11,1224,0,0
SÃO JOSÉ DOS CAMPOS,SP,2013-12,1483,0,0
SÃO JOSÉ DOS CAMPOS,SP,2014-01,1409,0,0
SÃO JOSÉ DOS CAMPOS,SP,2014-02,1029,0,0
SÃO JOSÉ DOS CAMPOS,SP,2014-03,1145,0,0
SÃO JOSÉ DOS CAMPOS,SP,2014-04,1116,0,0
SÃO JOSÉ DOS CAMPOS,SP,2014-05,1281,0,0
SÃO JOSÉ DOS CAMPOS,SP,2014-06,1111,0,0
SÃO JOSÉ DOS CAMPOS,SP,2014-07,1407,0,0
SÃO JOSÉ DOS CAMPOS,SP,2014-08,1361,0,0
SÃO JOSÉ DOS CAMPOS,SP,2014-09,1309,0,0
SÃO JOSÉ DOS CAMPOS,SP,2014-10,1596,0,0
SÃO JOSÉ DOS CAMPOS,SP,2014-11,1143,0,0
SÃO JOSÉ DOS CAMPOS,SP,2014-12,1114,0,0
SÃO JOSÉ DOS CAMPOS,SP,2015-01,931,0,0
SÃO JOSÉ DOS CAMPOS,SP,2015-02,940,0,0
SÃO JOSÉ DOS CAMPOS,SP,2015-03,1143,0,0
SÃO JOSÉ DOS CAMPOS,SP,2015-04,1130,0,0
SÃO JOSÉ DOS CAMPOS,SP,2015-05,1148,0,0
SÃO JOSÉ DOS CAMPOS,SP,2015-06,976,0,0
SÃO JOSÉ DOS CAMPOS,SP,2015-07,1127,0,0
SÃO JOSÉ DOS CAMPOS,SP,2015-08,1059,0,0
SÃO JOSÉ DOS CAMPOS,SP,2015-09,1081,0,0
SÃO JOSÉ DOS CAMPOS,SP,2015-10,950,0,0
SÃO JOSÉ DOS CAMPOS,SP,2015-11,822,0,0
SÃO JOSÉ DOS CAMPOS,SP,2015-12,1137,0,0
SÃO JOSÉ DOS CAMPOS,SP,2016-01,949,0,0
SÃO JOSÉ DOS CAMPOS,SP,2016-02,927,0,0
SÃO JOSÉ DOS CAMPOS,SP,2016-03,1055,0,0
SÃO JOSÉ DOS CAMPOS,SP,2016-04,1040,0,0
SÃO JOSÉ DOS CAMPOS,SP,2016-05,1001,0,0
SÃO JOSÉ DOS CAMPOS,SP,2016-06,976,0,0
SÃO JOSÉ DOS CAMPOS,SP,2016-07,938,0,0
SÃO JOSÉ DOS CAMPOS,SP,2016-08,1179,0,0
SÃO JOSÉ DOS CAMPOS,SP,2016-09,1016,0,0
SÃO JOSÉ DOS CAMPOS,SP,2016-10,866,0,0
SÃO JOSÉ DOS CAMPOS,SP,2016-11,840,0,0
SÃO JOSÉ DOS CAMPOS,SP,2016-12,1223,0,0
SÃO JOSÉ DOS CAMPOS,SP,2017-01,867,0,0
SÃO JOSÉ DOS CAMPOS,SP,2017-02,861,0,0
SÃO JOSÉ DOS CAMPOS,SP,2017-03,826,0,0
SÃO JOSÉ DOS CAMPOS,SP,2017-04,792,0,0
SÃO JOSÉ DOS CAMPOS,SP,2017-05,985,0,0
SÃO JOSÉ DOS CAMPOS,SP,2017-06,953,0,0
SÃO JOSÉ DOS CAMPOS,SP,2017-07,959,0,0
SÃO JOSÉ DOS CAMPOS,SP,2017-08,1526,0,0
SÃO JOSÉ DOS CAMPOS,SP,2017-09,1183,0,0
SÃO JOSÉ DOS CAMPOS,SP,2017-10,911,0,0
SÃO JOSÉ DOS CAMPOS,SP,2017-11,804,0,0
SÃO JOSÉ DOS CAMPOS,SP,2017-12,777,0,0
SÃO JOSÉ DOS CAMPOS,SP,2018-01,880,0,0
SÃO JOSÉ DOS CAMPOS,SP,2018-02,599,0,0
SÃO JOSÉ DOS CAMPOS,SP,2018-03,750,0,0
SÃO JOSÉ DOS CAMPOS,SP,2018-04,949,0,0
SÃO JOSÉ DOS CAMPOS,SP,2018-05,984,0,0
SÃO JOSÉ DOS CAMPOS,SP,2018-06,1216,0,0
SÃO JOSÉ DOS CAMPOS,SP,2018-07,980,0,0
SÃO JOSÉ DOS CAMPOS,SP,2018-08,1346,0,0
SÃO JOSÉ DOS CAMPOS,SP,2018-09,1361,0,0
SÃO JOSÉ DOS CAMPOS,SP,2018-10,1029,0,0
SÃO JOSÉ DOS CAMPOS,SP,2018-11,807,0,0
SÃO JOSÉ DOS CAMPOS,SP,2018-12,972,0,0
SÃO JOSÉ DOS CAMPOS,SP,2019-01,912,0,0
SÃO JOSÉ DOS CAMPOS,SP,2019-02,751,0,0
SÃO JOSÉ DOS CAMPOS,SP,2019-03,653,0,0
SÃO JOSÉ DOS CAMPOS,SP,2019-04,873,0,0
SÃO JOSÉ DOS CAMPOS,SP,2019-05,998,0,0
SÃO JOSÉ DOS CAMPOS,SP,2019-06,1034,0,0
SÃO JOSÉ DOS CAMPOS,SP,2019-07,1050,0,0
SÃO JOSÉ DOS CAMPOS,SP,2019-08,1080,0,0
SÃO JOSÉ DOS CAMPOS,SP,2019-09,897,0,0
SÃO JOSÉ DOS CAMPOS,SP,2019-10,934,0,0
SÃO JOSÉ DOS CAMPOS,SP,2019-11,883,0,0
SÃO JOSÉ DOS CAMPOS,SP,2019-12,962,0,0
SÃO JOSÉ DOS CAMPOS,SP,2020-01,993,0,0
SÃO JOSÉ DOS CAMPOS,SP,2020-02,802,0,0
SÃO JOSÉ DOS CAMPOS,SP,2020-03,828,0,0
SÃO JOSÉ DOS CAMPOS,SP,2020-04,591,0,0
SÃO JOSÉ DOS CAMPOS,SP,2020-05,646,0,0
SÃO JOSÉ DOS CAMPOS,SP,2020-06,709,0,0
SÃO JOSÉ DOS CAMPOS,SP,2020-07,988,0,0
SÃO JOSÉ DOS CAMPOS,SP,2020-08,951,0,0
SÃO JOSÉ DOS CAMPOS,SP,2020-09,1001,0,0
SÃO JOSÉ DOS CAMPOS,SP,2020-10,1206,0,0
SÃO JOSÉ DOS CAMPOS,SP,2020-11,1157,0,0
SÃO JOSÉ DOS CAMPOS,SP,2020-12,1234,0,0
SÃO JOSÉ DOS CAMPOS,SP,2021-01,1159,0,0
SÃO JOSÉ DOS CAMPOS,SP,2021-02,1060,0,0
SÃO JOSÉ DOS CAMPOS,SP,2021-03,1314,0,0
SÃO JOSÉ DOS CAMPOS,SP,2021-04,1046,0,0
SÃO JOSÉ DOS CAMPOS,SP,2021-05,1115,0,0
SÃO JOSÉ DOS CAMPOS,SP,2021-06,1132,0,0
SÃO JOSÉ DOS CAMPOS,SP,2021-07,1151,0,0
SÃO JOSÉ DOS CAMPOS,SP,2021-08,1324,0,0
SÃO JOSÉ DOS CAMPOS,SP,2021-09,1248,0,0
SÃO JOSÉ DOS CAMPOS,SP,2021-10,1169,0,0
SÃO JOSÉ DOS CAMPOS,SP,2021-11,1256,0,0
SÃO JOSÉ DOS CAMPOS,SP,2021-12,1375,0,0
SÃO JOSÉ DOS CAMPOS,SP,2022-01,1292,0,0
SÃO JOSÉ DOS CAMPOS,SP,2022-02,843,0,0
SÃO JOSÉ DOS CAMPOS,SP,2022-03,969,0,0
SÃO JOSÉ DOS CAMPOS,SP,2022-04,913,0,0
SÃO JOSÉ DOS CAMPOS,SP,2022-05,1056,0,0
SÃO JOSÉ DOS CAMPOS,SP,2022-06,984,0,0
SÃO JOSÉ DOS CAMPOS,SP,2022-07,1050,0,0
SÃO JOSÉ DOS CAMPOS,SP,2022-08,1146,0,0
SÃO JOSÉ DOS CAMPOS,SP,2022-09,1062,0,0
SÃO JOSÉ DOS CAMPOS,SP,2022-10,995,0,0
SÃO JOSÉ DOS CAMPOS,SP,2022-11,949,0,0
SÃO JOSÉ DOS CAMPOS,SP,2022-12,1058,0,0
SÃO JOSÉ DOS CAMPOS,SP,2023-01,1043,0,0
SÃO JOSÉ DOS CAMPOS,SP,2023-02,734,0,0
SÃO JOSÉ DOS CAMPOS,SP,2023-03,1023,0,0
SÃO JOSÉ DOS CAMPOS,SP,2023-04,854,0,0
SÃO JOSÉ DOS CAMPOS,SP,2023-05,1017,0,0
SÃO JOSÉ DOS CAMPOS,SP,2023-06,1008,0,0
SÃO JOSÉ DOS CAMPOS,SP,2023-07,1227,0,0
SÃO JOSÉ DOS CAMPOS,SP,2023-08,1070,0,0
SÃO JOSÉ DOS CAMPOS,SP,2023-09,946,0,0
RIBEIRÃO PRETO,SP,2012-01,1334,0,0
RIBEIRÃO PRETO,SP,2012-02,1698,0,0
RIBEIRÃO PRETO,SP,2012-03,2155,0,0
RIBEIRÃO PRETO,SP,2012-04,1592,0,0
RIBEIRÃO PRETO,SP,2012-05,2055,0,0
RIBEIRÃO PRETO,SP,2012-06,1849,0,0
RIBEIRÃO PRETO,SP,2012-07,1687,0,0
RIBEIRÃO PRETO,SP,2012-08,2304,0,0
RIBEIRÃO PRETO,SP,2012-09,1886,0,0
RIBEIRÃO PRETO,SP,2012-10,1937,0,0
RIBEIRÃO PRETO,SP,2012-11,1801,0,0
RIBEIRÃO PRETO,SP,2012-12,1957,0,0
RIBEIRÃO PRETO,SP,2013-01,1871,0,0
RIBEIRÃO PRETO,SP,2013-02,1714,0,0
RIBEIRÃO PRETO,SP,2013-03,1896,0,0
RIBEIRÃO PRETO,SP,2013-04,1803,0,0
RIBEIRÃO PRETO,SP,2013-05,1741,0,0
RIBEIRÃO PRETO,SP,2013-06,1419,0,0
RIBEIRÃO PRETO,SP,2013-07,1779,0,0
RIBEIRÃO PRETO,SP,2013-08,1792,0,0
RIBEIRÃO PRETO,SP,2013-09,1782,0,0
RIBEIRÃO PRETO,SP,2013-10,1813,0,0
RIBEIRÃO PRETO,SP,2013-11,1479,0,0
RIBEIRÃO PRETO,SP,2013-12,1449,0,0
RIBEIRÃO PRETO,SP,2014-01,1678,0,0
RIBEIRÃO PRETO,SP,2014-02,1391,0,0
RIBEIRÃO PRETO,SP,2014-03,1382,0,0
RIBEIRÃO PRETO,SP,2014-04,1189,0,0
RIBEIRÃO PRETO,SP,2014-05,1475,0,0
RIBEIRÃO PRETO,SP,2014-06,1350,0,0
RIBEIRÃO PRETO,SP,2014-07,1699,0,0
RIBEIRÃO PRETO,SP,2014-08,1631,0,0
RIBEIRÃO PRETO,SP,2014-09,1738,0,0
RIBEIRÃO PRETO,SP,2014-10,1668,0,0
RIBEIRÃO PRETO,SP,2014-11,1315,0,0
RIBEIRÃO PRETO,SP,2014-12,1560,0,0
RIBEIRÃO PRETO,SP,2015-01,1477,0,0
RIBEIRÃO PRETO,SP,2015-02,1676,0,0
RIBEIRÃO PRETO,SP,2015-03,1586,0,0
RIBEIRÃO PRETO,SP,2015-04,1337,0,0
RIBEIRÃO PRETO,SP,2015-05,1704,0,0
RIBEIRÃO PRETO,SP,2015-06,1739,0,0
RIBEIRÃO PRETO,SP,2015-07,1303,0,0
RIBEIRÃO PRETO,SP,2015-08,1253,0,0
RIBEIRÃO PRETO,SP,2015-09,1277,0,0
RIBEIRÃO PRETO,SP,2015-10,1032,0,0
RIBEIRÃO PRETO,SP,2015-11,970,0,0
RIBEIRÃO PRETO,SP,2015-12,1315,0,0
RIBEIRÃO PRETO,SP,2016-01,1238,0,0
RIBEIRÃO PRETO,SP,2016-02,692,0,0
RIBEIRÃO PRETO,SP,2016-03,1003,0,0
RIBEIRÃO PRETO,SP,2016-04,1159,0,0
RIBEIRÃO PRETO,SP,2016-05,1588,0,0
RIBEIRÃO PRETO,SP,2016-06,1128,0,0
RIBEIRÃO PRETO,SP,2016-07,1182,0,0
RIBEIRÃO PRETO,SP,2016-08,1210,0,0
RIBEIRÃO PRETO,SP,2016-09,1171,0,0
RIBEIRÃO PRETO,SP,2016-10,1187,0,0
RIBEIRÃO PRETO,SP,2016-11,1123,0,0
RIBEIRÃO PRETO,SP,2016-12,1574,0,0
RIBEIRÃO PRETO,SP,2017-01,1444,0,0
RIBEIRÃO PRETO,SP,2017-02,729,0,0
RIBEIRÃO PRETO,SP,2017-03,1140,0,0
RIBEIRÃO PRETO,SP,2017-04,924,0,0
RIBEIRÃO PRETO,SP,2017-05,1051,0,0
RIBEIRÃO PRETO,SP,2017-06,1171,0,0
RIBEIRÃO PRETO,SP,2017-07,1684,0,0
RIBEIRÃO PRETO,SP,2017-08,1287,0,0
RIBEIRÃO PRETO,SP,2017-09,1796,0,0
RIBEIRÃO PRETO,SP,2017-10,1305,0,0
RIBEIRÃO PRETO,SP,2017-11,1114,0,0
RIBEIRÃO PRETO,SP,2017-12,1887,0,0
RIBEIRÃO PRETO,SP,2018-01,1562,0,0
RIBEIRÃO PRETO,SP,2018-02,1541,0,0
RIBEIRÃO PRETO,SP,2018-03,1785,0,0
RIBEIRÃO PRETO,SP,2018-04,1319,0,0
RIBEIRÃO PRETO,SP,2018-05,1821,0,0
RIBEIRÃO PRETO,SP,2018-06,1503,0,0
RIBEIRÃO PRETO,SP,2018-07,1372,0,0
RIBEIRÃO PRETO,SP,2018-08,1572,0,0
RIBEIRÃO PRETO,SP,2018-09,1583,0,0
RIBEIRÃO PRETO,SP,2018-10,1457,0,0
RIBEIRÃO PRETO,SP,2018-11,1359,0,0
RIBEIRÃO PRETO,SP,2018-12,1444,0,0
RIBEIRÃO PRETO,SP,2019-01,1326,0,0
RIBEIRÃO PRETO,SP,2019-02,920,0,0
RIBEIRÃO PRETO,SP,2019-03,899,0,0
RIBEIRÃO PRETO,SP,2019-04,1357,0,0
RIBEIRÃO PRETO,SP,2019-05,1429,0,0
RIBEIRÃO PRETO,SP,2019-06,1060,0,0
RIBEIRÃO PRETO,SP,2019-07,1277,0,0
RIBEIRÃO PRETO,SP,2019-08,1240,0,0
RIBEIRÃO PRETO,SP,2019-09,1147,0,0
RIBEIRÃO PRETO,SP,2019-10,1294,0,0
RIBEIRÃO PRETO,SP,2019-11,1348,0,0
RIBEIRÃO PRETO,SP,2019-12,1314,0,0
RIBEIRÃO PRETO,SP,2020-01,854,0,0
RIBEIRÃO PRETO,SP,2020-02,681,0,0
RIBEIRÃO PRETO,SP,2020-03,1087,0,0
RIBEIRÃO PRETO,SP,2020-04,924,0,0
RIBEIRÃO PRETO,SP,2020-05,861,0,0
RIBEIRÃO PRETO,SP,2020-06,1201,0,0
RIBEIRÃO PRETO,SP,2020-07,1626,0,0
RIBEIRÃO PRETO,SP,2020-08,1536,0,0
RIBEIRÃO PRETO,SP,2020-09,1513,0,0
RIBEIRÃO PRETO,SP,2020-10,1624,0,0
RIBEIRÃO PRETO,SP,2020-11,1402,0,0
RIBEIRÃO PRETO,SP,2020-12,1777,0,0
RIBEIRÃO PRETO,SP,2021-01,1563,0,0
RIBEIRÃO PRETO,SP,2021-02,1467,0,0
RIBEIRÃO PRETO,SP,2021-03,1923,0,0
RIBEIRÃO PRETO,SP,2021-04,1714,0,0
RIBEIRÃO PRETO,SP,2021-05,2051,0,0
RIBEIRÃO PRETO,SP,2021-06,1718,0,0
RIBEIRÃO PRETO,SP,2021-07,2036,0,0
RIBEIRÃO PRETO,SP,2021-08,2044,0,0
RIBEIRÃO PRETO,SP,2021-09,2319,0,0
RIBEIRÃO PRETO,SP,2021-10,2112,0,0
RIBEIRÃO PRETO,SP,2021-11,1598,0,0
RIBEIRÃO PRETO,SP,2021-12,2185,0,0
RIBEIRÃO PRETO,SP,2022-01,2404,0,0
RIBEIRÃO PRETO,SP,2022-02,1604,0,0
RIBEIRÃO PRETO,SP,2022-03,1615,0,0
RIBEIRÃO PRETO,SP,2022-04,1452,0,0
RIBEIRÃO PRETO,SP,2022-05,1871,0,0
RIBEIRÃO PRETO,SP,2022-06,1725,0,0
RIBEIRÃO PRETO,SP,2022-07,1875,0,0
RIBEIRÃO PRETO,SP,2022-08,1820,0,0
RIBEIRÃO PRETO,SP,2022-09,1991,0,0
RIBEIRÃO PRETO,SP,2022-10,1724,0,0
RIBEIRÃO PRETO,SP,2022-11,1492,0,0
RIBEIRÃO PRETO,SP,2022-12,1618,0,0
RIBEIRÃO PRETO,SP,2023-01,1468,0,0
RIBEIRÃO PRETO,SP,2023-02,1490,0,0
RIBEIRÃO PRETO,SP,2023-03,1610,0,0
RIBEIRÃO PRETO,SP,2023-04,1420,0,0
RIBEIRÃO PRETO,SP,2023-05,1587,0,0
RIBEIRÃO PRETO,SP,2023-06,1391,0,0
RIBEIRÃO PRETO,SP,2023-07,1541,0,0
RIBEIRÃO PRETO,SP,2023-08,1663,0,0
RIBEIRÃO PRETO,SP,2023-09,1495,0,0
